id;available;delivery;pickup;store;url;vendor;name;category;price;oldprice;currencyId;picture;description;param;sales_notes;warranty;country_of_origin;barcode;bid;cbid
daAGzenkJlL2;true;true;false;false;https://amo-led.ru/product/apple_iphone_se_32gb_new;Apple;Apple iPhone SE 32Gb Gold новый;Мобильные телефоны;17099;19200;RUR;https://raw.githubusercontent.com/bav735/PhotosGit/master/site/Apple/iPhone/SE/Gold/img.jpg;В наличии в любом цвете! Оплата: наличными, по карте, в кредит, в рассрочку, через р/с, по трейд-ин. Самовывоз и доставка по РФ.;;;от производителя;;;;
HDFTqKeCR4dV;true;true;false;false;https://amo-led.ru/product/apple_iphone_se_32gb_new;Apple;Apple iPhone SE 32Gb Rose Gold новый;Мобильные телефоны;17099;19200;RUR;https://raw.githubusercontent.com/bav735/PhotosGit/master/site/Apple/iPhone/SE/RoseGold/img.jpg;В наличии в любом цвете! Оплата: наличными, по карте, в кредит, в рассрочку, через р/с, по трейд-ин. Самовывоз и доставка по РФ.;;;от производителя;;;;
JdYAZuYZKZAD;true;true;false;false;https://amo-led.ru/product/apple_iphone_se_32gb_new;Apple;Apple iPhone SE 32Gb Silver новый;Мобильные телефоны;17099;19200;RUR;https://raw.githubusercontent.com/bav735/PhotosGit/master/site/Apple/iPhone/SE/Silver/img.jpg;В наличии в любом цвете! Оплата: наличными, по карте, в кредит, в рассрочку, через р/с, по трейд-ин. Самовывоз и доставка по РФ.;;;от производителя;;;;
NCFjoJNajZnS;true;true;false;false;https://amo-led.ru/product/apple_iphone_se_32gb_new;Apple;Apple iPhone SE 32Gb Space Gray новый;Мобильные телефоны;17099;19200;RUR;https://raw.githubusercontent.com/bav735/PhotosGit/master/site/Apple/iPhone/SE/SpaceGray/img.jpg;В наличии в любом цвете! Оплата: наличными, по карте, в кредит, в рассрочку, через р/с, по трейд-ин. Самовывоз и доставка по РФ.;;;от производителя;;;;
sl1xTSO1KYjI;true;true;false;false;https://amo-led.ru/product/apple_iphone_6_16gb_new;Apple;Apple iPhone 6 16Gb Gold новый;Мобильные телефоны;13699;15400;RUR;https://raw.githubusercontent.com/bav735/PhotosGit/master/site/Apple/iPhone/6/Gold/img.jpg;В наличии в любом цвете! Оплата: наличными, по карте, в кредит, в рассрочку, через р/с, по трейд-ин. Самовывоз и доставка по РФ.;;;от производителя;;;;
Ww4TwHQtwAHU;true;true;false;false;https://amo-led.ru/product/apple_iphone_6_16gb_new;Apple;Apple iPhone 6 16Gb Silver новый;Мобильные телефоны;13699;15400;RUR;https://raw.githubusercontent.com/bav735/PhotosGit/master/site/Apple/iPhone/6/Silver/img.jpg;В наличии в любом цвете! Оплата: наличными, по карте, в кредит, в рассрочку, через р/с, по трейд-ин. Самовывоз и доставка по РФ.;;;от производителя;;;;
hneZ0bMw7ECt;true;true;false;false;https://amo-led.ru/product/apple_iphone_6_16gb_new;Apple;Apple iPhone 6 16Gb Space Gray новый;Мобильные телефоны;13699;15400;RUR;https://raw.githubusercontent.com/bav735/PhotosGit/master/site/Apple/iPhone/6/SpaceGray/img.jpg;В наличии в любом цвете! Оплата: наличными, по карте, в кредит, в рассрочку, через р/с, по трейд-ин. Самовывоз и доставка по РФ.;;;от производителя;;;;
JHjTiVkYSZMr;true;true;false;false;https://amo-led.ru/product/apple_iphone_6_32gb_new;Apple;Apple iPhone 6 32Gb Gold новый;Мобильные телефоны;17099;19200;RUR;https://raw.githubusercontent.com/bav735/PhotosGit/master/site/Apple/iPhone/6/Gold/img.jpg;В наличии в любом цвете! Оплата: наличными, по карте, в кредит, в рассрочку, через р/с, по трейд-ин. Самовывоз и доставка по РФ.;;;от производителя;;;;
Ip3hxPXLXUp1;true;true;false;false;https://amo-led.ru/product/apple_iphone_6_32gb_new;Apple;Apple iPhone 6 32Gb Silver новый;Мобильные телефоны;17099;19200;RUR;https://raw.githubusercontent.com/bav735/PhotosGit/master/site/Apple/iPhone/6/Silver/img.jpg;В наличии в любом цвете! Оплата: наличными, по карте, в кредит, в рассрочку, через р/с, по трейд-ин. Самовывоз и доставка по РФ.;;;от производителя;;;;
7K1sxdeffb3W;true;true;false;false;https://amo-led.ru/product/apple_iphone_6_32gb_new;Apple;Apple iPhone 6 32Gb Space Gray новый;Мобильные телефоны;17099;19200;RUR;https://raw.githubusercontent.com/bav735/PhotosGit/master/site/Apple/iPhone/6/SpaceGray/img.jpg;В наличии в любом цвете! Оплата: наличными, по карте, в кредит, в рассрочку, через р/с, по трейд-ин. Самовывоз и доставка по РФ.;;;от производителя;;;;
Nu0Ls7fA6Yng;true;true;false;false;https://amo-led.ru/product/apple_iphone_6s_32gb_new;Apple;Apple iPhone 6S 32Gb Gold новый;Мобильные телефоны;18299;20500;RUR;https://raw.githubusercontent.com/bav735/PhotosGit/master/site/Apple/iPhone/6S/Gold/img.jpg;В наличии в любом цвете! Оплата: наличными, по карте, в кредит, в рассрочку, через р/с, по трейд-ин. Самовывоз и доставка по РФ.;;;от производителя;;;;
NGi1o9OghPh7;true;true;false;false;https://amo-led.ru/product/apple_iphone_6s_32gb_new;Apple;Apple iPhone 6S 32Gb Rose Gold новый;Мобильные телефоны;18299;20500;RUR;https://raw.githubusercontent.com/bav735/PhotosGit/master/site/Apple/iPhone/6S/RoseGold/img.jpg;В наличии в любом цвете! Оплата: наличными, по карте, в кредит, в рассрочку, через р/с, по трейд-ин. Самовывоз и доставка по РФ.;;;от производителя;;;;
xf6OltA0F3MM;true;true;false;false;https://amo-led.ru/product/apple_iphone_6s_32gb_new;Apple;Apple iPhone 6S 32Gb Silver новый;Мобильные телефоны;18299;20500;RUR;https://raw.githubusercontent.com/bav735/PhotosGit/master/site/Apple/iPhone/6S/Silver/img.jpg;В наличии в любом цвете! Оплата: наличными, по карте, в кредит, в рассрочку, через р/с, по трейд-ин. Самовывоз и доставка по РФ.;;;от производителя;;;;
sAHiSKOmQFeO;true;true;false;false;https://amo-led.ru/product/apple_iphone_6s_32gb_new;Apple;Apple iPhone 6S 32Gb Space Gray новый;Мобильные телефоны;18299;20500;RUR;https://raw.githubusercontent.com/bav735/PhotosGit/master/site/Apple/iPhone/6S/SpaceGray/img.jpg;В наличии в любом цвете! Оплата: наличными, по карте, в кредит, в рассрочку, через р/с, по трейд-ин. Самовывоз и доставка по РФ.;;;от производителя;;;;
J3PiFE2ze0PT;true;true;false;false;https://amo-led.ru/product/apple_iphone_6s_plus_32gb_new;Apple;Apple iPhone 6S Plus 32Gb Gold новый;Мобильные телефоны;23499;26200;RUR;https://raw.githubusercontent.com/bav735/PhotosGit/master/site/Apple/iPhone/6SPlus/Gold/img.jpg;В наличии в любом цвете! Оплата: наличными, по карте, в кредит, в рассрочку, через р/с, по трейд-ин. Самовывоз и доставка по РФ.;;;от производителя;;;;
lj4NbFvPwRH3;true;true;false;false;https://amo-led.ru/product/apple_iphone_6s_plus_32gb_new;Apple;Apple iPhone 6S Plus 32Gb Rose Gold новый;Мобильные телефоны;23499;26200;RUR;https://raw.githubusercontent.com/bav735/PhotosGit/master/site/Apple/iPhone/6SPlus/RoseGold/img.jpg;В наличии в любом цвете! Оплата: наличными, по карте, в кредит, в рассрочку, через р/с, по трейд-ин. Самовывоз и доставка по РФ.;;;от производителя;;;;
3Q2OXJqDozxR;true;true;false;false;https://amo-led.ru/product/apple_iphone_6s_plus_32gb_new;Apple;Apple iPhone 6S Plus 32Gb Silver новый;Мобильные телефоны;23499;26200;RUR;https://raw.githubusercontent.com/bav735/PhotosGit/master/site/Apple/iPhone/6SPlus/Silver/img.jpg;В наличии в любом цвете! Оплата: наличными, по карте, в кредит, в рассрочку, через р/с, по трейд-ин. Самовывоз и доставка по РФ.;;;от производителя;;;;
BHprfAsXtLLu;true;true;false;false;https://amo-led.ru/product/apple_iphone_6s_plus_32gb_new;Apple;Apple iPhone 6S Plus 32Gb Space Gray новый;Мобильные телефоны;23499;26200;RUR;https://raw.githubusercontent.com/bav735/PhotosGit/master/site/Apple/iPhone/6SPlus/SpaceGray/img.jpg;В наличии в любом цвете! Оплата: наличными, по карте, в кредит, в рассрочку, через р/с, по трейд-ин. Самовывоз и доставка по РФ.;;;от производителя;;;;
O7e8CvZLZ79e;true;true;false;false;https://amo-led.ru/product/apple_iphone_7_32gb_new;Apple;Apple iPhone 7 32Gb Gold новый;Мобильные телефоны;23499;26200;RUR;https://raw.githubusercontent.com/bav735/PhotosGit/master/site/Apple/iPhone/7/Gold/img.jpg;В наличии в любом цвете! Оплата: наличными, по карте, в кредит, в рассрочку, через р/с, по трейд-ин. Самовывоз и доставка по РФ.;;;от производителя;;;;
cZ9n5xd2goVY;true;true;false;false;https://amo-led.ru/product/apple_iphone_7_32gb_new;Apple;Apple iPhone 7 32Gb Jet Black новый;Мобильные телефоны;23499;26200;RUR;https://raw.githubusercontent.com/bav735/PhotosGit/master/site/Apple/iPhone/7/JetBlack/img.jpg;В наличии в любом цвете! Оплата: наличными, по карте, в кредит, в рассрочку, через р/с, по трейд-ин. Самовывоз и доставка по РФ.;;;от производителя;;;;
nm0lMKM9I2MW;true;true;false;false;https://amo-led.ru/product/apple_iphone_7_32gb_new;Apple;Apple iPhone 7 32Gb Matte Black новый;Мобильные телефоны;23499;26200;RUR;https://raw.githubusercontent.com/bav735/PhotosGit/master/site/Apple/iPhone/7/MatteBlack/img.jpg;В наличии в любом цвете! Оплата: наличными, по карте, в кредит, в рассрочку, через р/с, по трейд-ин. Самовывоз и доставка по РФ.;;;от производителя;;;;
D6YPTuggdX5s;true;true;false;false;https://amo-led.ru/product/apple_iphone_7_32gb_new;Apple;Apple iPhone 7 32Gb Rose Gold новый;Мобильные телефоны;23499;26200;RUR;https://raw.githubusercontent.com/bav735/PhotosGit/master/site/Apple/iPhone/7/RoseGold/img.jpg;В наличии в любом цвете! Оплата: наличными, по карте, в кредит, в рассрочку, через р/с, по трейд-ин. Самовывоз и доставка по РФ.;;;от производителя;;;;
lb41DXrsX9aZ;true;true;false;false;https://amo-led.ru/product/apple_iphone_7_32gb_new;Apple;Apple iPhone 7 32Gb Silver новый;Мобильные телефоны;23499;26200;RUR;https://raw.githubusercontent.com/bav735/PhotosGit/master/site/Apple/iPhone/7/Silver/img.jpg;В наличии в любом цвете! Оплата: наличными, по карте, в кредит, в рассрочку, через р/с, по трейд-ин. Самовывоз и доставка по РФ.;;;от производителя;;;;
AaGi1E85UDmG;true;true;false;false;https://amo-led.ru/product/apple_iphone_7_128gb_new;Apple;Apple iPhone 7 128Gb Gold новый;Мобильные телефоны;29799;33100;RUR;https://raw.githubusercontent.com/bav735/PhotosGit/master/site/Apple/iPhone/7/Gold/img.jpg;В наличии в любом цвете! Оплата: наличными, по карте, в кредит, в рассрочку, через р/с, по трейд-ин. Самовывоз и доставка по РФ.;;;от производителя;;;;
i5TRgorPcO6d;true;true;false;false;https://amo-led.ru/product/apple_iphone_7_128gb_new;Apple;Apple iPhone 7 128Gb Jet Black новый;Мобильные телефоны;29799;33100;RUR;https://raw.githubusercontent.com/bav735/PhotosGit/master/site/Apple/iPhone/7/JetBlack/img.jpg;В наличии в любом цвете! Оплата: наличными, по карте, в кредит, в рассрочку, через р/с, по трейд-ин. Самовывоз и доставка по РФ.;;;от производителя;;;;
muZ107Zj95Id;true;true;false;false;https://amo-led.ru/product/apple_iphone_7_128gb_new;Apple;Apple iPhone 7 128Gb Matte Black новый;Мобильные телефоны;29799;33100;RUR;https://raw.githubusercontent.com/bav735/PhotosGit/master/site/Apple/iPhone/7/MatteBlack/img.jpg;В наличии в любом цвете! Оплата: наличными, по карте, в кредит, в рассрочку, через р/с, по трейд-ин. Самовывоз и доставка по РФ.;;;от производителя;;;;
7GOAQ7tJTx5Y;true;true;false;false;https://amo-led.ru/product/apple_iphone_7_128gb_new;Apple;Apple iPhone 7 128Gb Red новый;Мобильные телефоны;29799;33100;RUR;https://raw.githubusercontent.com/bav735/PhotosGit/master/site/Apple/iPhone/7/Red/img.jpg;В наличии в любом цвете! Оплата: наличными, по карте, в кредит, в рассрочку, через р/с, по трейд-ин. Самовывоз и доставка по РФ.;;;от производителя;;;;
kTv3SluumNcB;true;true;false;false;https://amo-led.ru/product/apple_iphone_7_128gb_new;Apple;Apple iPhone 7 128Gb Rose Gold новый;Мобильные телефоны;29799;33100;RUR;https://raw.githubusercontent.com/bav735/PhotosGit/master/site/Apple/iPhone/7/RoseGold/img.jpg;В наличии в любом цвете! Оплата: наличными, по карте, в кредит, в рассрочку, через р/с, по трейд-ин. Самовывоз и доставка по РФ.;;;от производителя;;;;
seYgTMdyIug2;true;true;false;false;https://amo-led.ru/product/apple_iphone_7_128gb_new;Apple;Apple iPhone 7 128Gb Silver новый;Мобильные телефоны;29799;33100;RUR;https://raw.githubusercontent.com/bav735/PhotosGit/master/site/Apple/iPhone/7/Silver/img.jpg;В наличии в любом цвете! Оплата: наличными, по карте, в кредит, в рассрочку, через р/с, по трейд-ин. Самовывоз и доставка по РФ.;;;от производителя;;;;
Ybqd97i1msLG;true;true;false;false;https://amo-led.ru/product/apple_iphone_7_256gb_new;Apple;Apple iPhone 7 256Gb Gold новый;Мобильные телефоны;30399;33800;RUR;https://raw.githubusercontent.com/bav735/PhotosGit/master/site/Apple/iPhone/7/Gold/img.jpg;В наличии в любом цвете! Оплата: наличными, по карте, в кредит, в рассрочку, через р/с, по трейд-ин. Самовывоз и доставка по РФ.;;;от производителя;;;;
CvcyI5fX412u;true;true;false;false;https://amo-led.ru/product/apple_iphone_7_256gb_new;Apple;Apple iPhone 7 256Gb Jet Black новый;Мобильные телефоны;30399;33800;RUR;https://raw.githubusercontent.com/bav735/PhotosGit/master/site/Apple/iPhone/7/JetBlack/img.jpg;В наличии в любом цвете! Оплата: наличными, по карте, в кредит, в рассрочку, через р/с, по трейд-ин. Самовывоз и доставка по РФ.;;;от производителя;;;;
yasI8ObItSp9;true;true;false;false;https://amo-led.ru/product/apple_iphone_7_256gb_new;Apple;Apple iPhone 7 256Gb Matte Black новый;Мобильные телефоны;30399;33800;RUR;https://raw.githubusercontent.com/bav735/PhotosGit/master/site/Apple/iPhone/7/MatteBlack/img.jpg;В наличии в любом цвете! Оплата: наличными, по карте, в кредит, в рассрочку, через р/с, по трейд-ин. Самовывоз и доставка по РФ.;;;от производителя;;;;
opgTdExovG2i;true;true;false;false;https://amo-led.ru/product/apple_iphone_7_256gb_new;Apple;Apple iPhone 7 256Gb Red новый;Мобильные телефоны;30399;33800;RUR;https://raw.githubusercontent.com/bav735/PhotosGit/master/site/Apple/iPhone/7/Red/img.jpg;В наличии в любом цвете! Оплата: наличными, по карте, в кредит, в рассрочку, через р/с, по трейд-ин. Самовывоз и доставка по РФ.;;;от производителя;;;;
FXaRjCefZE3I;true;true;false;false;https://amo-led.ru/product/apple_iphone_7_256gb_new;Apple;Apple iPhone 7 256Gb Rose Gold новый;Мобильные телефоны;30399;33800;RUR;https://raw.githubusercontent.com/bav735/PhotosGit/master/site/Apple/iPhone/7/RoseGold/img.jpg;В наличии в любом цвете! Оплата: наличными, по карте, в кредит, в рассрочку, через р/с, по трейд-ин. Самовывоз и доставка по РФ.;;;от производителя;;;;
oJPTSLzE1qyp;true;true;false;false;https://amo-led.ru/product/apple_iphone_7_256gb_new;Apple;Apple iPhone 7 256Gb Silver новый;Мобильные телефоны;30399;33800;RUR;https://raw.githubusercontent.com/bav735/PhotosGit/master/site/Apple/iPhone/7/Silver/img.jpg;В наличии в любом цвете! Оплата: наличными, по карте, в кредит, в рассрочку, через р/с, по трейд-ин. Самовывоз и доставка по РФ.;;;от производителя;;;;
lZGDeYuc6MC0;true;true;false;false;https://amo-led.ru/product/apple_iphone_7_plus_32gb_new;Apple;Apple iPhone 7 Plus 32Gb Gold новый;Мобильные телефоны;32699;36300;RUR;https://raw.githubusercontent.com/bav735/PhotosGit/master/site/Apple/iPhone/7Plus/Gold/img.jpg;В наличии в любом цвете! Оплата: наличными, по карте, в кредит, в рассрочку, через р/с, по трейд-ин. Самовывоз и доставка по РФ.;;;от производителя;;;;
LAjIpysnz8nv;true;true;false;false;https://amo-led.ru/product/apple_iphone_7_plus_32gb_new;Apple;Apple iPhone 7 Plus 32Gb Jet Black новый;Мобильные телефоны;32699;36300;RUR;https://raw.githubusercontent.com/bav735/PhotosGit/master/site/Apple/iPhone/7Plus/JetBlack/img.jpg;В наличии в любом цвете! Оплата: наличными, по карте, в кредит, в рассрочку, через р/с, по трейд-ин. Самовывоз и доставка по РФ.;;;от производителя;;;;
LlEhHYBssjKI;true;true;false;false;https://amo-led.ru/product/apple_iphone_7_plus_32gb_new;Apple;Apple iPhone 7 Plus 32Gb Matte Black новый;Мобильные телефоны;32699;36300;RUR;https://raw.githubusercontent.com/bav735/PhotosGit/master/site/Apple/iPhone/7Plus/MatteBlack/img.jpg;В наличии в любом цвете! Оплата: наличными, по карте, в кредит, в рассрочку, через р/с, по трейд-ин. Самовывоз и доставка по РФ.;;;от производителя;;;;
6P5lDbWvvkGs;true;true;false;false;https://amo-led.ru/product/apple_iphone_7_plus_32gb_new;Apple;Apple iPhone 7 Plus 32Gb Rose Gold новый;Мобильные телефоны;32699;36300;RUR;https://raw.githubusercontent.com/bav735/PhotosGit/master/site/Apple/iPhone/7Plus/RoseGold/img.jpg;В наличии в любом цвете! Оплата: наличными, по карте, в кредит, в рассрочку, через р/с, по трейд-ин. Самовывоз и доставка по РФ.;;;от производителя;;;;
HWbRAB4izKcR;true;true;false;false;https://amo-led.ru/product/apple_iphone_7_plus_32gb_new;Apple;Apple iPhone 7 Plus 32Gb Silver новый;Мобильные телефоны;32699;36300;RUR;https://raw.githubusercontent.com/bav735/PhotosGit/master/site/Apple/iPhone/7Plus/Silver/img.jpg;В наличии в любом цвете! Оплата: наличными, по карте, в кредит, в рассрочку, через р/с, по трейд-ин. Самовывоз и доставка по РФ.;;;от производителя;;;;
Bv2DqFNCKmez;true;true;false;false;https://amo-led.ru/product/apple_iphone_7_plus_128gb_new;Apple;Apple iPhone 7 Plus 128Gb Gold новый;Мобильные телефоны;36099;40100;RUR;https://raw.githubusercontent.com/bav735/PhotosGit/master/site/Apple/iPhone/7Plus/Gold/img.jpg;В наличии в любом цвете! Оплата: наличными, по карте, в кредит, в рассрочку, через р/с, по трейд-ин. Самовывоз и доставка по РФ.;;;от производителя;;;;
orIOVbL5LvsM;true;true;false;false;https://amo-led.ru/product/apple_iphone_7_plus_128gb_new;Apple;Apple iPhone 7 Plus 128Gb Jet Black новый;Мобильные телефоны;36099;40100;RUR;https://raw.githubusercontent.com/bav735/PhotosGit/master/site/Apple/iPhone/7Plus/JetBlack/img.jpg;В наличии в любом цвете! Оплата: наличными, по карте, в кредит, в рассрочку, через р/с, по трейд-ин. Самовывоз и доставка по РФ.;;;от производителя;;;;
ffYSAywQZdZn;true;true;false;false;https://amo-led.ru/product/apple_iphone_7_plus_128gb_new;Apple;Apple iPhone 7 Plus 128Gb Matte Black новый;Мобильные телефоны;36099;40100;RUR;https://raw.githubusercontent.com/bav735/PhotosGit/master/site/Apple/iPhone/7Plus/MatteBlack/img.jpg;В наличии в любом цвете! Оплата: наличными, по карте, в кредит, в рассрочку, через р/с, по трейд-ин. Самовывоз и доставка по РФ.;;;от производителя;;;;
X8oK7WvxRjT3;true;true;false;false;https://amo-led.ru/product/apple_iphone_7_plus_128gb_new;Apple;Apple iPhone 7 Plus 128Gb Red новый;Мобильные телефоны;36099;40100;RUR;https://raw.githubusercontent.com/bav735/PhotosGit/master/site/Apple/iPhone/7Plus/Red/img.jpg;В наличии в любом цвете! Оплата: наличными, по карте, в кредит, в рассрочку, через р/с, по трейд-ин. Самовывоз и доставка по РФ.;;;от производителя;;;;
VFmkPJxr8PfD;true;true;false;false;https://amo-led.ru/product/apple_iphone_7_plus_128gb_new;Apple;Apple iPhone 7 Plus 128Gb Rose Gold новый;Мобильные телефоны;36099;40100;RUR;https://raw.githubusercontent.com/bav735/PhotosGit/master/site/Apple/iPhone/7Plus/RoseGold/img.jpg;В наличии в любом цвете! Оплата: наличными, по карте, в кредит, в рассрочку, через р/с, по трейд-ин. Самовывоз и доставка по РФ.;;;от производителя;;;;
ivoifg6zCw3T;true;true;false;false;https://amo-led.ru/product/apple_iphone_7_plus_128gb_new;Apple;Apple iPhone 7 Plus 128Gb Silver новый;Мобильные телефоны;36099;40100;RUR;https://raw.githubusercontent.com/bav735/PhotosGit/master/site/Apple/iPhone/7Plus/Silver/img.jpg;В наличии в любом цвете! Оплата: наличными, по карте, в кредит, в рассрочку, через р/с, по трейд-ин. Самовывоз и доставка по РФ.;;;от производителя;;;;
RjNe55vBneNK;true;true;false;false;https://amo-led.ru/product/apple_iphone_7_plus_256gb_new;Apple;Apple iPhone 7 Plus 256Gb Gold новый;Мобильные телефоны;43599;48300;RUR;https://raw.githubusercontent.com/bav735/PhotosGit/master/site/Apple/iPhone/7Plus/Gold/img.jpg;В наличии в любом цвете! Оплата: наличными, по карте, в кредит, в рассрочку, через р/с, по трейд-ин. Самовывоз и доставка по РФ.;;;от производителя;;;;
HATm38fVy9bn;true;true;false;false;https://amo-led.ru/product/apple_iphone_7_plus_256gb_new;Apple;Apple iPhone 7 Plus 256Gb Jet Black новый;Мобильные телефоны;43599;48300;RUR;https://raw.githubusercontent.com/bav735/PhotosGit/master/site/Apple/iPhone/7Plus/JetBlack/img.jpg;В наличии в любом цвете! Оплата: наличными, по карте, в кредит, в рассрочку, через р/с, по трейд-ин. Самовывоз и доставка по РФ.;;;от производителя;;;;
xPJLtD0SExQF;true;true;false;false;https://amo-led.ru/product/apple_iphone_7_plus_256gb_new;Apple;Apple iPhone 7 Plus 256Gb Matte Black новый;Мобильные телефоны;43599;48300;RUR;https://raw.githubusercontent.com/bav735/PhotosGit/master/site/Apple/iPhone/7Plus/MatteBlack/img.jpg;В наличии в любом цвете! Оплата: наличными, по карте, в кредит, в рассрочку, через р/с, по трейд-ин. Самовывоз и доставка по РФ.;;;от производителя;;;;
rYVzk4eefxrn;true;true;false;false;https://amo-led.ru/product/apple_iphone_7_plus_256gb_new;Apple;Apple iPhone 7 Plus 256Gb Red новый;Мобильные телефоны;43599;48300;RUR;https://raw.githubusercontent.com/bav735/PhotosGit/master/site/Apple/iPhone/7Plus/Red/img.jpg;В наличии в любом цвете! Оплата: наличными, по карте, в кредит, в рассрочку, через р/с, по трейд-ин. Самовывоз и доставка по РФ.;;;от производителя;;;;
Gu6ea8OaLVia;true;true;false;false;https://amo-led.ru/product/apple_iphone_7_plus_256gb_new;Apple;Apple iPhone 7 Plus 256Gb Rose Gold новый;Мобильные телефоны;43599;48300;RUR;https://raw.githubusercontent.com/bav735/PhotosGit/master/site/Apple/iPhone/7Plus/RoseGold/img.jpg;В наличии в любом цвете! Оплата: наличными, по карте, в кредит, в рассрочку, через р/с, по трейд-ин. Самовывоз и доставка по РФ.;;;от производителя;;;;
Abu5rEQyaDWU;true;true;false;false;https://amo-led.ru/product/apple_iphone_7_plus_256gb_new;Apple;Apple iPhone 7 Plus 256Gb Silver новый;Мобильные телефоны;43599;48300;RUR;https://raw.githubusercontent.com/bav735/PhotosGit/master/site/Apple/iPhone/7Plus/Silver/img.jpg;В наличии в любом цвете! Оплата: наличными, по карте, в кредит, в рассрочку, через р/с, по трейд-ин. Самовывоз и доставка по РФ.;;;от производителя;;;;
V8Wn9uEwjD9K;true;true;false;false;https://amo-led.ru/product/apple_iphone_8_64gb_new;Apple;Apple iPhone 8 64Gb Gold новый;Мобильные телефоны;32699;36300;RUR;https://raw.githubusercontent.com/bav735/PhotosGit/master/site/Apple/iPhone/8/Gold/img.jpg;В наличии в любом цвете! Оплата: наличными, по карте, в кредит, в рассрочку, через р/с, по трейд-ин. Самовывоз и доставка по РФ.;;;от производителя;;;;
CTPZoAWB7GyU;true;true;false;false;https://amo-led.ru/product/apple_iphone_8_64gb_new;Apple;Apple iPhone 8 64Gb Red новый;Мобильные телефоны;32699;36300;RUR;https://raw.githubusercontent.com/bav735/PhotosGit/master/site/Apple/iPhone/8/Red/img.jpg;В наличии в любом цвете! Оплата: наличными, по карте, в кредит, в рассрочку, через р/с, по трейд-ин. Самовывоз и доставка по РФ.;;;от производителя;;;;
bmCck0omvZLk;true;true;false;false;https://amo-led.ru/product/apple_iphone_8_64gb_new;Apple;Apple iPhone 8 64Gb Silver новый;Мобильные телефоны;32699;36300;RUR;https://raw.githubusercontent.com/bav735/PhotosGit/master/site/Apple/iPhone/8/Silver/img.jpg;В наличии в любом цвете! Оплата: наличными, по карте, в кредит, в рассрочку, через р/с, по трейд-ин. Самовывоз и доставка по РФ.;;;от производителя;;;;
eTSzn03HvnXQ;true;true;false;false;https://amo-led.ru/product/apple_iphone_8_64gb_new;Apple;Apple iPhone 8 64Gb Space Gray новый;Мобильные телефоны;32699;36300;RUR;https://raw.githubusercontent.com/bav735/PhotosGit/master/site/Apple/iPhone/8/SpaceGray/img.jpg;В наличии в любом цвете! Оплата: наличными, по карте, в кредит, в рассрочку, через р/с, по трейд-ин. Самовывоз и доставка по РФ.;;;от производителя;;;;
JQVMdNdNkWRJ;true;true;false;false;https://amo-led.ru/product/apple_iphone_8_256gb_new;Apple;Apple iPhone 8 256Gb Gold новый;Мобильные телефоны;40699;45100;RUR;https://raw.githubusercontent.com/bav735/PhotosGit/master/site/Apple/iPhone/8/Gold/img.jpg;В наличии в любом цвете! Оплата: наличными, по карте, в кредит, в рассрочку, через р/с, по трейд-ин. Самовывоз и доставка по РФ.;;;от производителя;;;;
c29KMtorTga9;true;true;false;false;https://amo-led.ru/product/apple_iphone_8_256gb_new;Apple;Apple iPhone 8 256Gb Red новый;Мобильные телефоны;40699;45100;RUR;https://raw.githubusercontent.com/bav735/PhotosGit/master/site/Apple/iPhone/8/Red/img.jpg;В наличии в любом цвете! Оплата: наличными, по карте, в кредит, в рассрочку, через р/с, по трейд-ин. Самовывоз и доставка по РФ.;;;от производителя;;;;
3sVkl8bvRsVC;true;true;false;false;https://amo-led.ru/product/apple_iphone_8_256gb_new;Apple;Apple iPhone 8 256Gb Silver новый;Мобильные телефоны;40699;45100;RUR;https://raw.githubusercontent.com/bav735/PhotosGit/master/site/Apple/iPhone/8/Silver/img.jpg;В наличии в любом цвете! Оплата: наличными, по карте, в кредит, в рассрочку, через р/с, по трейд-ин. Самовывоз и доставка по РФ.;;;от производителя;;;;
U3edEO0WDUTD;true;true;false;false;https://amo-led.ru/product/apple_iphone_8_256gb_new;Apple;Apple iPhone 8 256Gb Space Gray новый;Мобильные телефоны;40699;45100;RUR;https://raw.githubusercontent.com/bav735/PhotosGit/master/site/Apple/iPhone/8/SpaceGray/img.jpg;В наличии в любом цвете! Оплата: наличными, по карте, в кредит, в рассрочку, через р/с, по трейд-ин. Самовывоз и доставка по РФ.;;;от производителя;;;;
RmEwmTzY1pNq;true;true;false;false;https://amo-led.ru/product/apple_iphone_8_plus_64gb_new;Apple;Apple iPhone 8 Plus 64Gb Gold новый;Мобильные телефоны;41899;46400;RUR;https://raw.githubusercontent.com/bav735/PhotosGit/master/site/Apple/iPhone/8Plus/Gold/img.jpg;В наличии в любом цвете! Оплата: наличными, по карте, в кредит, в рассрочку, через р/с, по трейд-ин. Самовывоз и доставка по РФ.;;;от производителя;;;;
wGvO9AGtMUUB;true;true;false;false;https://amo-led.ru/product/apple_iphone_8_plus_64gb_new;Apple;Apple iPhone 8 Plus 64Gb Red новый;Мобильные телефоны;41899;46400;RUR;https://raw.githubusercontent.com/bav735/PhotosGit/master/site/Apple/iPhone/8Plus/Red/img.jpg;В наличии в любом цвете! Оплата: наличными, по карте, в кредит, в рассрочку, через р/с, по трейд-ин. Самовывоз и доставка по РФ.;;;от производителя;;;;
vbyl7RpfzHox;true;true;false;false;https://amo-led.ru/product/apple_iphone_8_plus_64gb_new;Apple;Apple iPhone 8 Plus 64Gb Silver новый;Мобильные телефоны;41899;46400;RUR;https://raw.githubusercontent.com/bav735/PhotosGit/master/site/Apple/iPhone/8Plus/Silver/img.jpg;В наличии в любом цвете! Оплата: наличными, по карте, в кредит, в рассрочку, через р/с, по трейд-ин. Самовывоз и доставка по РФ.;;;от производителя;;;;
gBauEPAqxF0G;true;true;false;false;https://amo-led.ru/product/apple_iphone_8_plus_64gb_new;Apple;Apple iPhone 8 Plus 64Gb Space Gray новый;Мобильные телефоны;41899;46400;RUR;https://raw.githubusercontent.com/bav735/PhotosGit/master/site/Apple/iPhone/8Plus/SpaceGray/img.jpg;В наличии в любом цвете! Оплата: наличными, по карте, в кредит, в рассрочку, через р/с, по трейд-ин. Самовывоз и доставка по РФ.;;;от производителя;;;;
ifUr6j2PlZZ0;true;true;false;false;https://amo-led.ru/product/apple_iphone_8_plus_256gb_new;Apple;Apple iPhone 8 Plus 256Gb Gold новый;Мобильные телефоны;45899;50800;RUR;https://raw.githubusercontent.com/bav735/PhotosGit/master/site/Apple/iPhone/8Plus/Gold/img.jpg;В наличии в любом цвете! Оплата: наличными, по карте, в кредит, в рассрочку, через р/с, по трейд-ин. Самовывоз и доставка по РФ.;;;от производителя;;;;
ZgSChLuJvi8i;true;true;false;false;https://amo-led.ru/product/apple_iphone_8_plus_256gb_new;Apple;Apple iPhone 8 Plus 256Gb Red новый;Мобильные телефоны;45899;50800;RUR;https://raw.githubusercontent.com/bav735/PhotosGit/master/site/Apple/iPhone/8Plus/Red/img.jpg;В наличии в любом цвете! Оплата: наличными, по карте, в кредит, в рассрочку, через р/с, по трейд-ин. Самовывоз и доставка по РФ.;;;от производителя;;;;
oR1CHVMDHepy;true;true;false;false;https://amo-led.ru/product/apple_iphone_8_plus_256gb_new;Apple;Apple iPhone 8 Plus 256Gb Silver новый;Мобильные телефоны;45899;50800;RUR;https://raw.githubusercontent.com/bav735/PhotosGit/master/site/Apple/iPhone/8Plus/Silver/img.jpg;В наличии в любом цвете! Оплата: наличными, по карте, в кредит, в рассрочку, через р/с, по трейд-ин. Самовывоз и доставка по РФ.;;;от производителя;;;;
P9KEVRxib4LF;true;true;false;false;https://amo-led.ru/product/apple_iphone_8_plus_256gb_new;Apple;Apple iPhone 8 Plus 256Gb Space Gray новый;Мобильные телефоны;45899;50800;RUR;https://raw.githubusercontent.com/bav735/PhotosGit/master/site/Apple/iPhone/8Plus/SpaceGray/img.jpg;В наличии в любом цвете! Оплата: наличными, по карте, в кредит, в рассрочку, через р/с, по трейд-ин. Самовывоз и доставка по РФ.;;;от производителя;;;;
fUfaa8H1AWQm;true;true;false;false;https://amo-led.ru/product/apple_iphone_x_64gb_new;Apple;Apple iPhone X 64Gb Silver новый;Мобильные телефоны;51099;56600;RUR;https://raw.githubusercontent.com/bav735/PhotosGit/master/site/Apple/iPhone/X/Silver/img.jpg;В наличии в любом цвете! Оплата: наличными, по карте, в кредит, в рассрочку, через р/с, по трейд-ин. Самовывоз и доставка по РФ.;;;от производителя;;;;
3Bag3s70iBCr;true;true;false;false;https://amo-led.ru/product/apple_iphone_x_64gb_new;Apple;Apple iPhone X 64Gb Space Gray новый;Мобильные телефоны;51099;56600;RUR;https://raw.githubusercontent.com/bav735/PhotosGit/master/site/Apple/iPhone/X/SpaceGray/img.jpg;В наличии в любом цвете! Оплата: наличными, по карте, в кредит, в рассрочку, через р/с, по трейд-ин. Самовывоз и доставка по РФ.;;;от производителя;;;;
0GMmFaAz9sLm;true;true;false;false;https://amo-led.ru/product/apple_iphone_x_256gb_new;Apple;Apple iPhone X 256Gb Silver новый;Мобильные телефоны;53899;59600;RUR;https://raw.githubusercontent.com/bav735/PhotosGit/master/site/Apple/iPhone/X/Silver/img.jpg;В наличии в любом цвете! Оплата: наличными, по карте, в кредит, в рассрочку, через р/с, по трейд-ин. Самовывоз и доставка по РФ.;;;от производителя;;;;
EqdKqsEnoUGE;true;true;false;false;https://amo-led.ru/product/apple_iphone_x_256gb_new;Apple;Apple iPhone X 256Gb Space Gray новый;Мобильные телефоны;53899;59600;RUR;https://raw.githubusercontent.com/bav735/PhotosGit/master/site/Apple/iPhone/X/SpaceGray/img.jpg;В наличии в любом цвете! Оплата: наличными, по карте, в кредит, в рассрочку, через р/с, по трейд-ин. Самовывоз и доставка по РФ.;;;от производителя;;;;
aCURFHg0xvpZ;true;true;false;false;https://amo-led.ru/product/apple_iphone_xr_64gb_new;Apple;Apple iPhone XR 64Gb Black новый;Мобильные телефоны;46499;51500;RUR;https://raw.githubusercontent.com/bav735/PhotosGit/master/site/Apple/iPhone/XR/Black/img.jpg;В наличии в любом цвете! Оплата: наличными, по карте, в кредит, в рассрочку, через р/с, по трейд-ин. Самовывоз и доставка по РФ.;;;от производителя;;;;
siwbGVxuMYIC;true;true;false;false;https://amo-led.ru/product/apple_iphone_xr_64gb_new;Apple;Apple iPhone XR 64Gb Blue новый;Мобильные телефоны;46499;51500;RUR;https://raw.githubusercontent.com/bav735/PhotosGit/master/site/Apple/iPhone/XR/Blue/img.jpg;В наличии в любом цвете! Оплата: наличными, по карте, в кредит, в рассрочку, через р/с, по трейд-ин. Самовывоз и доставка по РФ.;;;от производителя;;;;
ljIczlPnuctv;true;true;false;false;https://amo-led.ru/product/apple_iphone_xr_64gb_new;Apple;Apple iPhone XR 64Gb Coral новый;Мобильные телефоны;46499;51500;RUR;https://raw.githubusercontent.com/bav735/PhotosGit/master/site/Apple/iPhone/XR/Coral/img.jpg;В наличии в любом цвете! Оплата: наличными, по карте, в кредит, в рассрочку, через р/с, по трейд-ин. Самовывоз и доставка по РФ.;;;от производителя;;;;
xTmrRJALegR5;true;true;false;false;https://amo-led.ru/product/apple_iphone_xr_64gb_new;Apple;Apple iPhone XR 64Gb Red новый;Мобильные телефоны;46499;51500;RUR;https://raw.githubusercontent.com/bav735/PhotosGit/master/site/Apple/iPhone/XR/Red/img.jpg;В наличии в любом цвете! Оплата: наличными, по карте, в кредит, в рассрочку, через р/с, по трейд-ин. Самовывоз и доставка по РФ.;;;от производителя;;;;
AeXrUFQ69K9T;true;true;false;false;https://amo-led.ru/product/apple_iphone_xr_64gb_new;Apple;Apple iPhone XR 64Gb White новый;Мобильные телефоны;46499;51500;RUR;https://raw.githubusercontent.com/bav735/PhotosGit/master/site/Apple/iPhone/XR/White/img.jpg;В наличии в любом цвете! Оплата: наличными, по карте, в кредит, в рассрочку, через р/с, по трейд-ин. Самовывоз и доставка по РФ.;;;от производителя;;;;
0Xjs2NAS3bu4;true;true;false;false;https://amo-led.ru/product/apple_iphone_xr_64gb_new;Apple;Apple iPhone XR 64Gb Yellow новый;Мобильные телефоны;46499;51500;RUR;https://raw.githubusercontent.com/bav735/PhotosGit/master/site/Apple/iPhone/XR/Yellow/img.jpg;В наличии в любом цвете! Оплата: наличными, по карте, в кредит, в рассрочку, через р/с, по трейд-ин. Самовывоз и доставка по РФ.;;;от производителя;;;;
K8KuqrzwVPbT;true;true;false;false;https://amo-led.ru/product/apple_iphone_xr_128gb_new;Apple;Apple iPhone XR 128Gb Black новый;Мобильные телефоны;50499;55900;RUR;https://raw.githubusercontent.com/bav735/PhotosGit/master/site/Apple/iPhone/XR/Black/img.jpg;В наличии в любом цвете! Оплата: наличными, по карте, в кредит, в рассрочку, через р/с, по трейд-ин. Самовывоз и доставка по РФ.;;;от производителя;;;;
KuR8FwXr3dHU;true;true;false;false;https://amo-led.ru/product/apple_iphone_xr_128gb_new;Apple;Apple iPhone XR 128Gb Blue новый;Мобильные телефоны;50499;55900;RUR;https://raw.githubusercontent.com/bav735/PhotosGit/master/site/Apple/iPhone/XR/Blue/img.jpg;В наличии в любом цвете! Оплата: наличными, по карте, в кредит, в рассрочку, через р/с, по трейд-ин. Самовывоз и доставка по РФ.;;;от производителя;;;;
SscU4DmseW7W;true;true;false;false;https://amo-led.ru/product/apple_iphone_xr_128gb_new;Apple;Apple iPhone XR 128Gb Coral новый;Мобильные телефоны;50499;55900;RUR;https://raw.githubusercontent.com/bav735/PhotosGit/master/site/Apple/iPhone/XR/Coral/img.jpg;В наличии в любом цвете! Оплата: наличными, по карте, в кредит, в рассрочку, через р/с, по трейд-ин. Самовывоз и доставка по РФ.;;;от производителя;;;;
j1qaOFW6h40S;true;true;false;false;https://amo-led.ru/product/apple_iphone_xr_128gb_new;Apple;Apple iPhone XR 128Gb Red новый;Мобильные телефоны;50499;55900;RUR;https://raw.githubusercontent.com/bav735/PhotosGit/master/site/Apple/iPhone/XR/Red/img.jpg;В наличии в любом цвете! Оплата: наличными, по карте, в кредит, в рассрочку, через р/с, по трейд-ин. Самовывоз и доставка по РФ.;;;от производителя;;;;
lxMFkllqAlGq;true;true;false;false;https://amo-led.ru/product/apple_iphone_xr_128gb_new;Apple;Apple iPhone XR 128Gb White новый;Мобильные телефоны;50499;55900;RUR;https://raw.githubusercontent.com/bav735/PhotosGit/master/site/Apple/iPhone/XR/White/img.jpg;В наличии в любом цвете! Оплата: наличными, по карте, в кредит, в рассрочку, через р/с, по трейд-ин. Самовывоз и доставка по РФ.;;;от производителя;;;;
JHiEwBIoSpxc;true;true;false;false;https://amo-led.ru/product/apple_iphone_xr_128gb_new;Apple;Apple iPhone XR 128Gb Yellow новый;Мобильные телефоны;50499;55900;RUR;https://raw.githubusercontent.com/bav735/PhotosGit/master/site/Apple/iPhone/XR/Yellow/img.jpg;В наличии в любом цвете! Оплата: наличными, по карте, в кредит, в рассрочку, через р/с, по трейд-ин. Самовывоз и доставка по РФ.;;;от производителя;;;;
DWE0WESkzLYg;true;true;false;false;https://amo-led.ru/product/apple_iphone_xr_256gb_new;Apple;Apple iPhone XR 256Gb Black новый;Мобильные телефоны;55699;61600;RUR;https://raw.githubusercontent.com/bav735/PhotosGit/master/site/Apple/iPhone/XR/Black/img.jpg;В наличии в любом цвете! Оплата: наличными, по карте, в кредит, в рассрочку, через р/с, по трейд-ин. Самовывоз и доставка по РФ.;;;от производителя;;;;
IDDdsxBOCVsr;true;true;false;false;https://amo-led.ru/product/apple_iphone_xr_256gb_new;Apple;Apple iPhone XR 256Gb Blue новый;Мобильные телефоны;55699;61600;RUR;https://raw.githubusercontent.com/bav735/PhotosGit/master/site/Apple/iPhone/XR/Blue/img.jpg;В наличии в любом цвете! Оплата: наличными, по карте, в кредит, в рассрочку, через р/с, по трейд-ин. Самовывоз и доставка по РФ.;;;от производителя;;;;
hvTPw4Wz7ms8;true;true;false;false;https://amo-led.ru/product/apple_iphone_xr_256gb_new;Apple;Apple iPhone XR 256Gb Coral новый;Мобильные телефоны;55699;61600;RUR;https://raw.githubusercontent.com/bav735/PhotosGit/master/site/Apple/iPhone/XR/Coral/img.jpg;В наличии в любом цвете! Оплата: наличными, по карте, в кредит, в рассрочку, через р/с, по трейд-ин. Самовывоз и доставка по РФ.;;;от производителя;;;;
Vf6rBPbFbPac;true;true;false;false;https://amo-led.ru/product/apple_iphone_xr_256gb_new;Apple;Apple iPhone XR 256Gb Red новый;Мобильные телефоны;55699;61600;RUR;https://raw.githubusercontent.com/bav735/PhotosGit/master/site/Apple/iPhone/XR/Red/img.jpg;В наличии в любом цвете! Оплата: наличными, по карте, в кредит, в рассрочку, через р/с, по трейд-ин. Самовывоз и доставка по РФ.;;;от производителя;;;;
VyGRbTJ1Di7w;true;true;false;false;https://amo-led.ru/product/apple_iphone_xr_256gb_new;Apple;Apple iPhone XR 256Gb White новый;Мобильные телефоны;55699;61600;RUR;https://raw.githubusercontent.com/bav735/PhotosGit/master/site/Apple/iPhone/XR/White/img.jpg;В наличии в любом цвете! Оплата: наличными, по карте, в кредит, в рассрочку, через р/с, по трейд-ин. Самовывоз и доставка по РФ.;;;от производителя;;;;
8HlfUhZxIk68;true;true;false;false;https://amo-led.ru/product/apple_iphone_xr_256gb_new;Apple;Apple iPhone XR 256Gb Yellow новый;Мобильные телефоны;55699;61600;RUR;https://raw.githubusercontent.com/bav735/PhotosGit/master/site/Apple/iPhone/XR/Yellow/img.jpg;В наличии в любом цвете! Оплата: наличными, по карте, в кредит, в рассрочку, через р/с, по трейд-ин. Самовывоз и доставка по РФ.;;;от производителя;;;;
ZZxyCFwvqIg6;true;true;false;false;https://amo-led.ru/product/apple_iphone_xs_64gb_new;Apple;Apple iPhone XS 64Gb Gold новый;Мобильные телефоны;61399;67900;RUR;https://raw.githubusercontent.com/bav735/PhotosGit/master/site/Apple/iPhone/XS/Gold/img.jpg;В наличии в любом цвете! Оплата: наличными, по карте, в кредит, в рассрочку, через р/с, по трейд-ин. Самовывоз и доставка по РФ.;;;от производителя;;;;
sdwgQzRWZpXB;true;true;false;false;https://amo-led.ru/product/apple_iphone_xs_64gb_new;Apple;Apple iPhone XS 64Gb Silver новый;Мобильные телефоны;61399;67900;RUR;https://raw.githubusercontent.com/bav735/PhotosGit/master/site/Apple/iPhone/XS/Silver/img.jpg;В наличии в любом цвете! Оплата: наличными, по карте, в кредит, в рассрочку, через р/с, по трейд-ин. Самовывоз и доставка по РФ.;;;от производителя;;;;
Vtw7cFfV58Ru;true;true;false;false;https://amo-led.ru/product/apple_iphone_xs_64gb_new;Apple;Apple iPhone XS 64Gb Space Gray новый;Мобильные телефоны;61399;67900;RUR;https://raw.githubusercontent.com/bav735/PhotosGit/master/site/Apple/iPhone/XS/SpaceGray/img.jpg;В наличии в любом цвете! Оплата: наличными, по карте, в кредит, в рассрочку, через р/с, по трейд-ин. Самовывоз и доставка по РФ.;;;от производителя;;;;
GCGSFZj6N4x4;true;true;false;false;https://amo-led.ru/product/apple_iphone_xs_256gb_new;Apple;Apple iPhone XS 256Gb Gold новый;Мобильные телефоны;63699;70400;RUR;https://raw.githubusercontent.com/bav735/PhotosGit/master/site/Apple/iPhone/XS/Gold/img.jpg;В наличии в любом цвете! Оплата: наличными, по карте, в кредит, в рассрочку, через р/с, по трейд-ин. Самовывоз и доставка по РФ.;;;от производителя;;;;
s5dM5d6cRSa2;true;true;false;false;https://amo-led.ru/product/apple_iphone_xs_256gb_new;Apple;Apple iPhone XS 256Gb Silver новый;Мобильные телефоны;63699;70400;RUR;https://raw.githubusercontent.com/bav735/PhotosGit/master/site/Apple/iPhone/XS/Silver/img.jpg;В наличии в любом цвете! Оплата: наличными, по карте, в кредит, в рассрочку, через р/с, по трейд-ин. Самовывоз и доставка по РФ.;;;от производителя;;;;
DjZdGUvndAmI;true;true;false;false;https://amo-led.ru/product/apple_iphone_xs_256gb_new;Apple;Apple iPhone XS 256Gb Space Gray новый;Мобильные телефоны;63699;70400;RUR;https://raw.githubusercontent.com/bav735/PhotosGit/master/site/Apple/iPhone/XS/SpaceGray/img.jpg;В наличии в любом цвете! Оплата: наличными, по карте, в кредит, в рассрочку, через р/с, по трейд-ин. Самовывоз и доставка по РФ.;;;от производителя;;;;
05B3qF7v695x;true;true;false;false;https://amo-led.ru/product/apple_iphone_xs_512gb_new;Apple;Apple iPhone XS 512Gb Gold новый;Мобильные телефоны;65999;72900;RUR;https://raw.githubusercontent.com/bav735/PhotosGit/master/site/Apple/iPhone/XS/Gold/img.jpg;В наличии в любом цвете! Оплата: наличными, по карте, в кредит, в рассрочку, через р/с, по трейд-ин. Самовывоз и доставка по РФ.;;;от производителя;;;;
1wZYrDNSMHPe;true;true;false;false;https://amo-led.ru/product/apple_iphone_xs_512gb_new;Apple;Apple iPhone XS 512Gb Silver новый;Мобильные телефоны;65999;72900;RUR;https://raw.githubusercontent.com/bav735/PhotosGit/master/site/Apple/iPhone/XS/Silver/img.jpg;В наличии в любом цвете! Оплата: наличными, по карте, в кредит, в рассрочку, через р/с, по трейд-ин. Самовывоз и доставка по РФ.;;;от производителя;;;;
HM2LK8UEUuQY;true;true;false;false;https://amo-led.ru/product/apple_iphone_xs_512gb_new;Apple;Apple iPhone XS 512Gb Space Gray новый;Мобильные телефоны;65999;72900;RUR;https://raw.githubusercontent.com/bav735/PhotosGit/master/site/Apple/iPhone/XS/SpaceGray/img.jpg;В наличии в любом цвете! Оплата: наличными, по карте, в кредит, в рассрочку, через р/с, по трейд-ин. Самовывоз и доставка по РФ.;;;от производителя;;;;
LhHX4AeqKqHE;true;true;false;false;https://amo-led.ru/product/apple_iphone_xs_max_64gb_new;Apple;Apple iPhone XS Max 64Gb Gold новый;Мобильные телефоны;61399;67900;RUR;https://raw.githubusercontent.com/bav735/PhotosGit/master/site/Apple/iPhone/XSMax/Gold/img.jpg;В наличии в любом цвете! Оплата: наличными, по карте, в кредит, в рассрочку, через р/с, по трейд-ин. Самовывоз и доставка по РФ.;;;от производителя;;;;
52Z1d6pdoJ68;true;true;false;false;https://amo-led.ru/product/apple_iphone_xs_max_64gb_new;Apple;Apple iPhone XS Max 64Gb Silver новый;Мобильные телефоны;61399;67900;RUR;https://raw.githubusercontent.com/bav735/PhotosGit/master/site/Apple/iPhone/XSMax/Silver/img.jpg;В наличии в любом цвете! Оплата: наличными, по карте, в кредит, в рассрочку, через р/с, по трейд-ин. Самовывоз и доставка по РФ.;;;от производителя;;;;
S7j2WqFROoYy;true;true;false;false;https://amo-led.ru/product/apple_iphone_xs_max_64gb_new;Apple;Apple iPhone XS Max 64Gb Space Gray новый;Мобильные телефоны;61399;67900;RUR;https://raw.githubusercontent.com/bav735/PhotosGit/master/site/Apple/iPhone/XSMax/SpaceGray/img.jpg;В наличии в любом цвете! Оплата: наличными, по карте, в кредит, в рассрочку, через р/с, по трейд-ин. Самовывоз и доставка по РФ.;;;от производителя;;;;
koodjpLJ5ypI;true;true;false;false;https://amo-led.ru/product/apple_iphone_xs_max_256gb_new;Apple;Apple iPhone XS Max 256Gb Gold новый;Мобильные телефоны;67199;74300;RUR;https://raw.githubusercontent.com/bav735/PhotosGit/master/site/Apple/iPhone/XSMax/Gold/img.jpg;В наличии в любом цвете! Оплата: наличными, по карте, в кредит, в рассрочку, через р/с, по трейд-ин. Самовывоз и доставка по РФ.;;;от производителя;;;;
CvXpSq7koIdC;true;true;false;false;https://amo-led.ru/product/apple_iphone_xs_max_256gb_new;Apple;Apple iPhone XS Max 256Gb Silver новый;Мобильные телефоны;67199;74300;RUR;https://raw.githubusercontent.com/bav735/PhotosGit/master/site/Apple/iPhone/XSMax/Silver/img.jpg;В наличии в любом цвете! Оплата: наличными, по карте, в кредит, в рассрочку, через р/с, по трейд-ин. Самовывоз и доставка по РФ.;;;от производителя;;;;
tqPBgNvpdStN;true;true;false;false;https://amo-led.ru/product/apple_iphone_xs_max_256gb_new;Apple;Apple iPhone XS Max 256Gb Space Gray новый;Мобильные телефоны;67199;74300;RUR;https://raw.githubusercontent.com/bav735/PhotosGit/master/site/Apple/iPhone/XSMax/SpaceGray/img.jpg;В наличии в любом цвете! Оплата: наличными, по карте, в кредит, в рассрочку, через р/с, по трейд-ин. Самовывоз и доставка по РФ.;;;от производителя;;;;
nKWdXOjSThea;true;true;false;false;https://amo-led.ru/product/apple_iphone_xs_max_512gb_new;Apple;Apple iPhone XS Max 512Gb Gold новый;Мобильные телефоны;69499;76800;RUR;https://raw.githubusercontent.com/bav735/PhotosGit/master/site/Apple/iPhone/XSMax/Gold/img.jpg;В наличии в любом цвете! Оплата: наличными, по карте, в кредит, в рассрочку, через р/с, по трейд-ин. Самовывоз и доставка по РФ.;;;от производителя;;;;
JS36oukT92NT;true;true;false;false;https://amo-led.ru/product/apple_iphone_xs_max_512gb_new;Apple;Apple iPhone XS Max 512Gb Silver новый;Мобильные телефоны;69499;76800;RUR;https://raw.githubusercontent.com/bav735/PhotosGit/master/site/Apple/iPhone/XSMax/Silver/img.jpg;В наличии в любом цвете! Оплата: наличными, по карте, в кредит, в рассрочку, через р/с, по трейд-ин. Самовывоз и доставка по РФ.;;;от производителя;;;;
soo5bLMIvcz1;true;true;false;false;https://amo-led.ru/product/apple_iphone_xs_max_512gb_new;Apple;Apple iPhone XS Max 512Gb Space Gray новый;Мобильные телефоны;69499;76800;RUR;https://raw.githubusercontent.com/bav735/PhotosGit/master/site/Apple/iPhone/XSMax/SpaceGray/img.jpg;В наличии в любом цвете! Оплата: наличными, по карте, в кредит, в рассрочку, через р/с, по трейд-ин. Самовывоз и доставка по РФ.;;;от производителя;;;;
lBF5KYp19QMR;true;true;false;false;https://amo-led.ru/product/apple_iphone_11_64gb_new;Apple;Apple iPhone 11 64Gb Black новый;Мобильные телефоны;57399;63500;RUR;https://raw.githubusercontent.com/bav735/PhotosGit/master/site/Apple/iPhone/11/Black/img.jpg;В наличии в любом цвете! Оплата: наличными, по карте, в кредит, в рассрочку, через р/с, по трейд-ин. Самовывоз и доставка по РФ.;;;от производителя;;;;
V1J8rsB4AXRS;true;true;false;false;https://amo-led.ru/product/apple_iphone_11_64gb_new;Apple;Apple iPhone 11 64Gb Green новый;Мобильные телефоны;57399;63500;RUR;https://raw.githubusercontent.com/bav735/PhotosGit/master/site/Apple/iPhone/11/Green/img.jpg;В наличии в любом цвете! Оплата: наличными, по карте, в кредит, в рассрочку, через р/с, по трейд-ин. Самовывоз и доставка по РФ.;;;от производителя;;;;
HdbHtsihvJwX;true;true;false;false;https://amo-led.ru/product/apple_iphone_11_64gb_new;Apple;Apple iPhone 11 64Gb Purple новый;Мобильные телефоны;57399;63500;RUR;https://raw.githubusercontent.com/bav735/PhotosGit/master/site/Apple/iPhone/11/Purple/img.jpg;В наличии в любом цвете! Оплата: наличными, по карте, в кредит, в рассрочку, через р/с, по трейд-ин. Самовывоз и доставка по РФ.;;;от производителя;;;;
cbWe5KGP1lCx;true;true;false;false;https://amo-led.ru/product/apple_iphone_11_64gb_new;Apple;Apple iPhone 11 64Gb Red новый;Мобильные телефоны;57399;63500;RUR;https://raw.githubusercontent.com/bav735/PhotosGit/master/site/Apple/iPhone/11/Red/img.jpg;В наличии в любом цвете! Оплата: наличными, по карте, в кредит, в рассрочку, через р/с, по трейд-ин. Самовывоз и доставка по РФ.;;;от производителя;;;;
BtwCD8zGN1lw;true;true;false;false;https://amo-led.ru/product/apple_iphone_11_64gb_new;Apple;Apple iPhone 11 64Gb White новый;Мобильные телефоны;57399;63500;RUR;https://raw.githubusercontent.com/bav735/PhotosGit/master/site/Apple/iPhone/11/White/img.jpg;В наличии в любом цвете! Оплата: наличными, по карте, в кредит, в рассрочку, через р/с, по трейд-ин. Самовывоз и доставка по РФ.;;;от производителя;;;;
qRmn4etUOJd8;true;true;false;false;https://amo-led.ru/product/apple_iphone_11_64gb_new;Apple;Apple iPhone 11 64Gb Yellow новый;Мобильные телефоны;57399;63500;RUR;https://raw.githubusercontent.com/bav735/PhotosGit/master/site/Apple/iPhone/11/Yellow/img.jpg;В наличии в любом цвете! Оплата: наличными, по карте, в кредит, в рассрочку, через р/с, по трейд-ин. Самовывоз и доставка по РФ.;;;от производителя;;;;
6JeEkQp9PVIa;true;true;false;false;https://amo-led.ru/product/apple_iphone_11_128gb_new;Apple;Apple iPhone 11 128Gb Black новый;Мобильные телефоны;62599;69200;RUR;https://raw.githubusercontent.com/bav735/PhotosGit/master/site/Apple/iPhone/11/Black/img.jpg;В наличии в любом цвете! Оплата: наличными, по карте, в кредит, в рассрочку, через р/с, по трейд-ин. Самовывоз и доставка по РФ.;;;от производителя;;;;
LzF81M25p9af;true;true;false;false;https://amo-led.ru/product/apple_iphone_11_128gb_new;Apple;Apple iPhone 11 128Gb Green новый;Мобильные телефоны;62599;69200;RUR;https://raw.githubusercontent.com/bav735/PhotosGit/master/site/Apple/iPhone/11/Green/img.jpg;В наличии в любом цвете! Оплата: наличными, по карте, в кредит, в рассрочку, через р/с, по трейд-ин. Самовывоз и доставка по РФ.;;;от производителя;;;;
wyySyWfZ48on;true;true;false;false;https://amo-led.ru/product/apple_iphone_11_128gb_new;Apple;Apple iPhone 11 128Gb Purple новый;Мобильные телефоны;62599;69200;RUR;https://raw.githubusercontent.com/bav735/PhotosGit/master/site/Apple/iPhone/11/Purple/img.jpg;В наличии в любом цвете! Оплата: наличными, по карте, в кредит, в рассрочку, через р/с, по трейд-ин. Самовывоз и доставка по РФ.;;;от производителя;;;;
UezhrYtmPEYw;true;true;false;false;https://amo-led.ru/product/apple_iphone_11_128gb_new;Apple;Apple iPhone 11 128Gb Red новый;Мобильные телефоны;62599;69200;RUR;https://raw.githubusercontent.com/bav735/PhotosGit/master/site/Apple/iPhone/11/Red/img.jpg;В наличии в любом цвете! Оплата: наличными, по карте, в кредит, в рассрочку, через р/с, по трейд-ин. Самовывоз и доставка по РФ.;;;от производителя;;;;
0MirIq5snH0S;true;true;false;false;https://amo-led.ru/product/apple_iphone_11_128gb_new;Apple;Apple iPhone 11 128Gb White новый;Мобильные телефоны;62599;69200;RUR;https://raw.githubusercontent.com/bav735/PhotosGit/master/site/Apple/iPhone/11/White/img.jpg;В наличии в любом цвете! Оплата: наличными, по карте, в кредит, в рассрочку, через р/с, по трейд-ин. Самовывоз и доставка по РФ.;;;от производителя;;;;
b69PFHoFNgW9;true;true;false;false;https://amo-led.ru/product/apple_iphone_11_128gb_new;Apple;Apple iPhone 11 128Gb Yellow новый;Мобильные телефоны;62599;69200;RUR;https://raw.githubusercontent.com/bav735/PhotosGit/master/site/Apple/iPhone/11/Yellow/img.jpg;В наличии в любом цвете! Оплата: наличными, по карте, в кредит, в рассрочку, через р/с, по трейд-ин. Самовывоз и доставка по РФ.;;;от производителя;;;;
wpug8lJxo4uB;true;true;false;false;https://amo-led.ru/product/apple_iphone_11_256gb_new;Apple;Apple iPhone 11 256Gb Black новый;Мобильные телефоны;71199;78700;RUR;https://raw.githubusercontent.com/bav735/PhotosGit/master/site/Apple/iPhone/11/Black/img.jpg;В наличии в любом цвете! Оплата: наличными, по карте, в кредит, в рассрочку, через р/с, по трейд-ин. Самовывоз и доставка по РФ.;;;от производителя;;;;
nUycPvUWy23o;true;true;false;false;https://amo-led.ru/product/apple_iphone_11_256gb_new;Apple;Apple iPhone 11 256Gb Green новый;Мобильные телефоны;71199;78700;RUR;https://raw.githubusercontent.com/bav735/PhotosGit/master/site/Apple/iPhone/11/Green/img.jpg;В наличии в любом цвете! Оплата: наличными, по карте, в кредит, в рассрочку, через р/с, по трейд-ин. Самовывоз и доставка по РФ.;;;от производителя;;;;
X9F7SrZPWiJW;true;true;false;false;https://amo-led.ru/product/apple_iphone_11_256gb_new;Apple;Apple iPhone 11 256Gb Purple новый;Мобильные телефоны;71199;78700;RUR;https://raw.githubusercontent.com/bav735/PhotosGit/master/site/Apple/iPhone/11/Purple/img.jpg;В наличии в любом цвете! Оплата: наличными, по карте, в кредит, в рассрочку, через р/с, по трейд-ин. Самовывоз и доставка по РФ.;;;от производителя;;;;
NUMzhDuDaDk4;true;true;false;false;https://amo-led.ru/product/apple_iphone_11_256gb_new;Apple;Apple iPhone 11 256Gb Red новый;Мобильные телефоны;71199;78700;RUR;https://raw.githubusercontent.com/bav735/PhotosGit/master/site/Apple/iPhone/11/Red/img.jpg;В наличии в любом цвете! Оплата: наличными, по карте, в кредит, в рассрочку, через р/с, по трейд-ин. Самовывоз и доставка по РФ.;;;от производителя;;;;
7aAvrjIWbabp;true;true;false;false;https://amo-led.ru/product/apple_iphone_11_256gb_new;Apple;Apple iPhone 11 256Gb White новый;Мобильные телефоны;71199;78700;RUR;https://raw.githubusercontent.com/bav735/PhotosGit/master/site/Apple/iPhone/11/White/img.jpg;В наличии в любом цвете! Оплата: наличными, по карте, в кредит, в рассрочку, через р/с, по трейд-ин. Самовывоз и доставка по РФ.;;;от производителя;;;;
3lCe9lkQ5sz6;true;true;false;false;https://amo-led.ru/product/apple_iphone_11_256gb_new;Apple;Apple iPhone 11 256Gb Yellow новый;Мобильные телефоны;71199;78700;RUR;https://raw.githubusercontent.com/bav735/PhotosGit/master/site/Apple/iPhone/11/Yellow/img.jpg;В наличии в любом цвете! Оплата: наличными, по карте, в кредит, в рассрочку, через р/с, по трейд-ин. Самовывоз и доставка по РФ.;;;от производителя;;;;
cDH8mg5uAFUf;true;true;false;false;https://amo-led.ru/product/apple_iphone_11_pro_64gb_new;Apple;Apple iPhone 11 Pro 64Gb Gold новый;Мобильные телефоны;81499;90000;RUR;https://raw.githubusercontent.com/bav735/PhotosGit/master/site/Apple/iPhone/11Pro/Gold/img.jpg;В наличии в любом цвете! Оплата: наличными, по карте, в кредит, в рассрочку, через р/с, по трейд-ин. Самовывоз и доставка по РФ.;;;от производителя;;;;
yLevUr9eSHXg;true;true;false;false;https://amo-led.ru/product/apple_iphone_11_pro_64gb_new;Apple;Apple iPhone 11 Pro 64Gb Midnight Green новый;Мобильные телефоны;81499;90000;RUR;https://raw.githubusercontent.com/bav735/PhotosGit/master/site/Apple/iPhone/11Pro/MidnightGreen/img.jpg;В наличии в любом цвете! Оплата: наличными, по карте, в кредит, в рассрочку, через р/с, по трейд-ин. Самовывоз и доставка по РФ.;;;от производителя;;;;
61rDP0oejOkE;true;true;false;false;https://amo-led.ru/product/apple_iphone_11_pro_64gb_new;Apple;Apple iPhone 11 Pro 64Gb Silver новый;Мобильные телефоны;81499;90000;RUR;https://raw.githubusercontent.com/bav735/PhotosGit/master/site/Apple/iPhone/11Pro/Silver/img.jpg;В наличии в любом цвете! Оплата: наличными, по карте, в кредит, в рассрочку, через р/с, по трейд-ин. Самовывоз и доставка по РФ.;;;от производителя;;;;
Oq1YbycmpsoB;true;true;false;false;https://amo-led.ru/product/apple_iphone_11_pro_64gb_new;Apple;Apple iPhone 11 Pro 64Gb Space Gray новый;Мобильные телефоны;81499;90000;RUR;https://raw.githubusercontent.com/bav735/PhotosGit/master/site/Apple/iPhone/11Pro/SpaceGray/img.jpg;В наличии в любом цвете! Оплата: наличными, по карте, в кредит, в рассрочку, через р/с, по трейд-ин. Самовывоз и доставка по РФ.;;;от производителя;;;;
aj6wCpzlpiYd;true;true;false;false;https://amo-led.ru/product/apple_iphone_11_pro_256gb_new;Apple;Apple iPhone 11 Pro 256Gb Gold новый;Мобильные телефоны;93599;103300;RUR;https://raw.githubusercontent.com/bav735/PhotosGit/master/site/Apple/iPhone/11Pro/Gold/img.jpg;В наличии в любом цвете! Оплата: наличными, по карте, в кредит, в рассрочку, через р/с, по трейд-ин. Самовывоз и доставка по РФ.;;;от производителя;;;;
3KfQ4IUAuNu7;true;true;false;false;https://amo-led.ru/product/apple_iphone_11_pro_256gb_new;Apple;Apple iPhone 11 Pro 256Gb Midnight Green новый;Мобильные телефоны;93599;103300;RUR;https://raw.githubusercontent.com/bav735/PhotosGit/master/site/Apple/iPhone/11Pro/MidnightGreen/img.jpg;В наличии в любом цвете! Оплата: наличными, по карте, в кредит, в рассрочку, через р/с, по трейд-ин. Самовывоз и доставка по РФ.;;;от производителя;;;;
STe6FEtTF4GX;true;true;false;false;https://amo-led.ru/product/apple_iphone_11_pro_256gb_new;Apple;Apple iPhone 11 Pro 256Gb Silver новый;Мобильные телефоны;93599;103300;RUR;https://raw.githubusercontent.com/bav735/PhotosGit/master/site/Apple/iPhone/11Pro/Silver/img.jpg;В наличии в любом цвете! Оплата: наличными, по карте, в кредит, в рассрочку, через р/с, по трейд-ин. Самовывоз и доставка по РФ.;;;от производителя;;;;
kMEQZcDHzKXx;true;true;false;false;https://amo-led.ru/product/apple_iphone_11_pro_256gb_new;Apple;Apple iPhone 11 Pro 256Gb Space Gray новый;Мобильные телефоны;93599;103300;RUR;https://raw.githubusercontent.com/bav735/PhotosGit/master/site/Apple/iPhone/11Pro/SpaceGray/img.jpg;В наличии в любом цвете! Оплата: наличными, по карте, в кредит, в рассрочку, через р/с, по трейд-ин. Самовывоз и доставка по РФ.;;;от производителя;;;;
ulUUTx5mbtUS;true;true;false;false;https://amo-led.ru/product/apple_iphone_11_pro_512gb_new;Apple;Apple iPhone 11 Pro 512Gb Gold новый;Мобильные телефоны;106299;117300;RUR;https://raw.githubusercontent.com/bav735/PhotosGit/master/site/Apple/iPhone/11Pro/Gold/img.jpg;В наличии в любом цвете! Оплата: наличными, по карте, в кредит, в рассрочку, через р/с, по трейд-ин. Самовывоз и доставка по РФ.;;;от производителя;;;;
CTJU0BOMKyZP;true;true;false;false;https://amo-led.ru/product/apple_iphone_11_pro_512gb_new;Apple;Apple iPhone 11 Pro 512Gb Midnight Green новый;Мобильные телефоны;106299;117300;RUR;https://raw.githubusercontent.com/bav735/PhotosGit/master/site/Apple/iPhone/11Pro/MidnightGreen/img.jpg;В наличии в любом цвете! Оплата: наличными, по карте, в кредит, в рассрочку, через р/с, по трейд-ин. Самовывоз и доставка по РФ.;;;от производителя;;;;
huvXioZaquhh;true;true;false;false;https://amo-led.ru/product/apple_iphone_11_pro_512gb_new;Apple;Apple iPhone 11 Pro 512Gb Silver новый;Мобильные телефоны;106299;117300;RUR;https://raw.githubusercontent.com/bav735/PhotosGit/master/site/Apple/iPhone/11Pro/Silver/img.jpg;В наличии в любом цвете! Оплата: наличными, по карте, в кредит, в рассрочку, через р/с, по трейд-ин. Самовывоз и доставка по РФ.;;;от производителя;;;;
919OEPo46yYX;true;true;false;false;https://amo-led.ru/product/apple_iphone_11_pro_512gb_new;Apple;Apple iPhone 11 Pro 512Gb Space Gray новый;Мобильные телефоны;106299;117300;RUR;https://raw.githubusercontent.com/bav735/PhotosGit/master/site/Apple/iPhone/11Pro/SpaceGray/img.jpg;В наличии в любом цвете! Оплата: наличными, по карте, в кредит, в рассрочку, через р/с, по трейд-ин. Самовывоз и доставка по РФ.;;;от производителя;;;;
A5PLILSvFdjE;true;true;false;false;https://amo-led.ru/product/apple_iphone_11_pro_max_64gb_new;Apple;Apple iPhone 11 Pro Max 64Gb Gold новый;Мобильные телефоны;88999;98200;RUR;https://raw.githubusercontent.com/bav735/PhotosGit/master/site/Apple/iPhone/11ProMax/Gold/img.jpg;В наличии в любом цвете! Оплата: наличными, по карте, в кредит, в рассрочку, через р/с, по трейд-ин. Самовывоз и доставка по РФ.;;;от производителя;;;;
WxD5LCG7aiOH;true;true;false;false;https://amo-led.ru/product/apple_iphone_11_pro_max_64gb_new;Apple;Apple iPhone 11 Pro Max 64Gb Midnight Green новый;Мобильные телефоны;88999;98200;RUR;https://raw.githubusercontent.com/bav735/PhotosGit/master/site/Apple/iPhone/11ProMax/MidnightGreen/img.jpg;В наличии в любом цвете! Оплата: наличными, по карте, в кредит, в рассрочку, через р/с, по трейд-ин. Самовывоз и доставка по РФ.;;;от производителя;;;;
vDVhVccAAZLb;true;true;false;false;https://amo-led.ru/product/apple_iphone_11_pro_max_64gb_new;Apple;Apple iPhone 11 Pro Max 64Gb Silver новый;Мобильные телефоны;88999;98200;RUR;https://raw.githubusercontent.com/bav735/PhotosGit/master/site/Apple/iPhone/11ProMax/Silver/img.jpg;В наличии в любом цвете! Оплата: наличными, по карте, в кредит, в рассрочку, через р/с, по трейд-ин. Самовывоз и доставка по РФ.;;;от производителя;;;;
GL1A9OsqJVCQ;true;true;false;false;https://amo-led.ru/product/apple_iphone_11_pro_max_64gb_new;Apple;Apple iPhone 11 Pro Max 64Gb Space Gray новый;Мобильные телефоны;88999;98200;RUR;https://raw.githubusercontent.com/bav735/PhotosGit/master/site/Apple/iPhone/11ProMax/SpaceGray/img.jpg;В наличии в любом цвете! Оплата: наличными, по карте, в кредит, в рассрочку, через р/с, по трейд-ин. Самовывоз и доставка по РФ.;;;от производителя;;;;
M4k92G0A11Z2;true;true;false;false;https://amo-led.ru/product/apple_iphone_11_pro_max_256gb_new;Apple;Apple iPhone 11 Pro Max 256Gb Gold новый;Мобильные телефоны;99399;109700;RUR;https://raw.githubusercontent.com/bav735/PhotosGit/master/site/Apple/iPhone/11ProMax/Gold/img.jpg;В наличии в любом цвете! Оплата: наличными, по карте, в кредит, в рассрочку, через р/с, по трейд-ин. Самовывоз и доставка по РФ.;;;от производителя;;;;
AMgbxUTi5nm9;true;true;false;false;https://amo-led.ru/product/apple_iphone_11_pro_max_256gb_new;Apple;Apple iPhone 11 Pro Max 256Gb Midnight Green новый;Мобильные телефоны;99399;109700;RUR;https://raw.githubusercontent.com/bav735/PhotosGit/master/site/Apple/iPhone/11ProMax/MidnightGreen/img.jpg;В наличии в любом цвете! Оплата: наличными, по карте, в кредит, в рассрочку, через р/с, по трейд-ин. Самовывоз и доставка по РФ.;;;от производителя;;;;
I1S3s1Ld320g;true;true;false;false;https://amo-led.ru/product/apple_iphone_11_pro_max_256gb_new;Apple;Apple iPhone 11 Pro Max 256Gb Silver новый;Мобильные телефоны;99399;109700;RUR;https://raw.githubusercontent.com/bav735/PhotosGit/master/site/Apple/iPhone/11ProMax/Silver/img.jpg;В наличии в любом цвете! Оплата: наличными, по карте, в кредит, в рассрочку, через р/с, по трейд-ин. Самовывоз и доставка по РФ.;;;от производителя;;;;
B78Kh59aLKP9;true;true;false;false;https://amo-led.ru/product/apple_iphone_11_pro_max_256gb_new;Apple;Apple iPhone 11 Pro Max 256Gb Space Gray новый;Мобильные телефоны;99399;109700;RUR;https://raw.githubusercontent.com/bav735/PhotosGit/master/site/Apple/iPhone/11ProMax/SpaceGray/img.jpg;В наличии в любом цвете! Оплата: наличными, по карте, в кредит, в рассрочку, через р/с, по трейд-ин. Самовывоз и доставка по РФ.;;;от производителя;;;;
E3bjX7GDoC5t;true;true;false;false;https://amo-led.ru/product/apple_iphone_11_pro_max_512gb_new;Apple;Apple iPhone 11 Pro Max 512Gb Gold новый;Мобильные телефоны;108599;119800;RUR;https://raw.githubusercontent.com/bav735/PhotosGit/master/site/Apple/iPhone/11ProMax/Gold/img.jpg;В наличии в любом цвете! Оплата: наличными, по карте, в кредит, в рассрочку, через р/с, по трейд-ин. Самовывоз и доставка по РФ.;;;от производителя;;;;
gdumI5FENkG9;true;true;false;false;https://amo-led.ru/product/apple_iphone_11_pro_max_512gb_new;Apple;Apple iPhone 11 Pro Max 512Gb Midnight Green новый;Мобильные телефоны;108599;119800;RUR;https://raw.githubusercontent.com/bav735/PhotosGit/master/site/Apple/iPhone/11ProMax/MidnightGreen/img.jpg;В наличии в любом цвете! Оплата: наличными, по карте, в кредит, в рассрочку, через р/с, по трейд-ин. Самовывоз и доставка по РФ.;;;от производителя;;;;
obJaZzZeI5nB;true;true;false;false;https://amo-led.ru/product/apple_iphone_11_pro_max_512gb_new;Apple;Apple iPhone 11 Pro Max 512Gb Silver новый;Мобильные телефоны;108599;119800;RUR;https://raw.githubusercontent.com/bav735/PhotosGit/master/site/Apple/iPhone/11ProMax/Silver/img.jpg;В наличии в любом цвете! Оплата: наличными, по карте, в кредит, в рассрочку, через р/с, по трейд-ин. Самовывоз и доставка по РФ.;;;от производителя;;;;
Onysf7yHqeXw;true;true;false;false;https://amo-led.ru/product/apple_iphone_11_pro_max_512gb_new;Apple;Apple iPhone 11 Pro Max 512Gb Space Gray новый;Мобильные телефоны;108599;119800;RUR;https://raw.githubusercontent.com/bav735/PhotosGit/master/site/Apple/iPhone/11ProMax/SpaceGray/img.jpg;В наличии в любом цвете! Оплата: наличными, по карте, в кредит, в рассрочку, через р/с, по трейд-ин. Самовывоз и доставка по РФ.;;;от производителя;;;;
XCvpNEkRUVFD;true;true;false;false;https://amo-led.ru/product/samsung_galaxy_s9_64gb_new;Samsung;Samsung Galaxy S9 64Gb Black новый;Мобильные телефоны;36699;40700;RUR;https://raw.githubusercontent.com/bav735/PhotosGit/master/site/Samsung/Galaxy/S9/Black/img.jpg;В наличии в любом цвете! Оплата: наличными, по карте, в кредит, в рассрочку, через р/с, по трейд-ин. Самовывоз и доставка по РФ.;;;от производителя;;;;
8ikkomh18Khh;true;true;false;false;https://amo-led.ru/product/samsung_galaxy_s9_64gb_new;Samsung;Samsung Galaxy S9 64Gb Blue новый;Мобильные телефоны;36699;40700;RUR;https://raw.githubusercontent.com/bav735/PhotosGit/master/site/Samsung/Galaxy/S9/Blue/img.jpg;В наличии в любом цвете! Оплата: наличными, по карте, в кредит, в рассрочку, через р/с, по трейд-ин. Самовывоз и доставка по РФ.;;;от производителя;;;;
FDZqd9nsQhKE;true;true;false;false;https://amo-led.ru/product/samsung_galaxy_s9_64gb_new;Samsung;Samsung Galaxy S9 64Gb Gray новый;Мобильные телефоны;36699;40700;RUR;https://raw.githubusercontent.com/bav735/PhotosGit/master/site/Samsung/Galaxy/S9/Gray/img.jpg;В наличии в любом цвете! Оплата: наличными, по карте, в кредит, в рассрочку, через р/с, по трейд-ин. Самовывоз и доставка по РФ.;;;от производителя;;;;
a5zp13tQzPIR;true;true;false;false;https://amo-led.ru/product/samsung_galaxy_s9_64gb_new;Samsung;Samsung Galaxy S9 64Gb Purple новый;Мобильные телефоны;36699;40700;RUR;https://raw.githubusercontent.com/bav735/PhotosGit/master/site/Samsung/Galaxy/S9/Purple/img.jpg;В наличии в любом цвете! Оплата: наличными, по карте, в кредит, в рассрочку, через р/с, по трейд-ин. Самовывоз и доставка по РФ.;;;от производителя;;;;
a1jv3sERKrH7;true;true;false;false;https://amo-led.ru/product/samsung_galaxy_s9_plus_64gb_new;Samsung;Samsung Galaxy S9 Plus 64Gb Black новый;Мобильные телефоны;38399;42600;RUR;https://raw.githubusercontent.com/bav735/PhotosGit/master/site/Samsung/Galaxy/S9Plus/Black/img.jpg;В наличии в любом цвете! Оплата: наличными, по карте, в кредит, в рассрочку, через р/с, по трейд-ин. Самовывоз и доставка по РФ.;;;от производителя;;;;
yLhHJekVJnEY;true;true;false;false;https://amo-led.ru/product/samsung_galaxy_s9_plus_64gb_new;Samsung;Samsung Galaxy S9 Plus 64Gb Blue новый;Мобильные телефоны;38399;42600;RUR;https://raw.githubusercontent.com/bav735/PhotosGit/master/site/Samsung/Galaxy/S9Plus/Blue/img.jpg;В наличии в любом цвете! Оплата: наличными, по карте, в кредит, в рассрочку, через р/с, по трейд-ин. Самовывоз и доставка по РФ.;;;от производителя;;;;
ozMzGdoV26yT;true;true;false;false;https://amo-led.ru/product/samsung_galaxy_s9_plus_64gb_new;Samsung;Samsung Galaxy S9 Plus 64Gb Gold новый;Мобильные телефоны;38399;42600;RUR;https://raw.githubusercontent.com/bav735/PhotosGit/master/site/Samsung/Galaxy/S9Plus/Gold/img.jpg;В наличии в любом цвете! Оплата: наличными, по карте, в кредит, в рассрочку, через р/с, по трейд-ин. Самовывоз и доставка по РФ.;;;от производителя;;;;
6n4xYIcdF6GE;true;true;false;false;https://amo-led.ru/product/samsung_galaxy_s9_plus_64gb_new;Samsung;Samsung Galaxy S9 Plus 64Gb Gray новый;Мобильные телефоны;38399;42600;RUR;https://raw.githubusercontent.com/bav735/PhotosGit/master/site/Samsung/Galaxy/S9Plus/Gray/img.jpg;В наличии в любом цвете! Оплата: наличными, по карте, в кредит, в рассрочку, через р/с, по трейд-ин. Самовывоз и доставка по РФ.;;;от производителя;;;;
Ax72fJ9g3FFG;true;true;false;false;https://amo-led.ru/product/samsung_galaxy_s9_plus_64gb_new;Samsung;Samsung Galaxy S9 Plus 64Gb Purple новый;Мобильные телефоны;38399;42600;RUR;https://raw.githubusercontent.com/bav735/PhotosGit/master/site/Samsung/Galaxy/S9Plus/Purple/img.jpg;В наличии в любом цвете! Оплата: наличными, по карте, в кредит, в рассрочку, через р/с, по трейд-ин. Самовывоз и доставка по РФ.;;;от производителя;;;;
UunMsqpcZZX1;true;true;false;false;https://amo-led.ru/product/samsung_galaxy_s10e_128gb_new;Samsung;Samsung Galaxy S10e 128Gb Black новый;Мобильные телефоны;36699;40700;RUR;https://raw.githubusercontent.com/bav735/PhotosGit/master/site/Samsung/Galaxy/S10e/Black/img.jpg;В наличии в любом цвете! Оплата: наличными, по карте, в кредит, в рассрочку, через р/с, по трейд-ин. Самовывоз и доставка по РФ.;;;от производителя;;;;
TPpn1tN9GIy0;true;true;false;false;https://amo-led.ru/product/samsung_galaxy_s10e_128gb_new;Samsung;Samsung Galaxy S10e 128Gb Green новый;Мобильные телефоны;36699;40700;RUR;https://raw.githubusercontent.com/bav735/PhotosGit/master/site/Samsung/Galaxy/S10e/Green/img.jpg;В наличии в любом цвете! Оплата: наличными, по карте, в кредит, в рассрочку, через р/с, по трейд-ин. Самовывоз и доставка по РФ.;;;от производителя;;;;
QojXbNv00gXw;true;true;false;false;https://amo-led.ru/product/samsung_galaxy_s10e_128gb_new;Samsung;Samsung Galaxy S10e 128Gb White новый;Мобильные телефоны;36699;40700;RUR;https://raw.githubusercontent.com/bav735/PhotosGit/master/site/Samsung/Galaxy/S10e/White/img.jpg;В наличии в любом цвете! Оплата: наличными, по карте, в кредит, в рассрочку, через р/с, по трейд-ин. Самовывоз и доставка по РФ.;;;от производителя;;;;
4fHAX9C1338R;true;true;false;false;https://amo-led.ru/product/samsung_galaxy_s10e_128gb_new;Samsung;Samsung Galaxy S10e 128Gb Yellow новый;Мобильные телефоны;36699;40700;RUR;https://raw.githubusercontent.com/bav735/PhotosGit/master/site/Samsung/Galaxy/S10e/Yellow/img.jpg;В наличии в любом цвете! Оплата: наличными, по карте, в кредит, в рассрочку, через р/с, по трейд-ин. Самовывоз и доставка по РФ.;;;от производителя;;;;
sIahXdOJUlaX;true;true;false;false;https://amo-led.ru/product/samsung_galaxy_s10_128gb_new;Samsung;Samsung Galaxy S10 128Gb Black новый;Мобильные телефоны;48199;53400;RUR;https://raw.githubusercontent.com/bav735/PhotosGit/master/site/Samsung/Galaxy/S10/Black/img.jpg;В наличии в любом цвете! Оплата: наличными, по карте, в кредит, в рассрочку, через р/с, по трейд-ин. Самовывоз и доставка по РФ.;;;от производителя;;;;
5hiw1WKA0RzB;true;true;false;false;https://amo-led.ru/product/samsung_galaxy_s10_128gb_new;Samsung;Samsung Galaxy S10 128Gb Green новый;Мобильные телефоны;48199;53400;RUR;https://raw.githubusercontent.com/bav735/PhotosGit/master/site/Samsung/Galaxy/S10/Green/img.jpg;В наличии в любом цвете! Оплата: наличными, по карте, в кредит, в рассрочку, через р/с, по трейд-ин. Самовывоз и доставка по РФ.;;;от производителя;;;;
ZauTGHAKp0UG;true;true;false;false;https://amo-led.ru/product/samsung_galaxy_s10_128gb_new;Samsung;Samsung Galaxy S10 128Gb White новый;Мобильные телефоны;48199;53400;RUR;https://raw.githubusercontent.com/bav735/PhotosGit/master/site/Samsung/Galaxy/S10/White/img.jpg;В наличии в любом цвете! Оплата: наличными, по карте, в кредит, в рассрочку, через р/с, по трейд-ин. Самовывоз и доставка по РФ.;;;от производителя;;;;
8znepkKqANX1;true;true;false;false;https://amo-led.ru/product/samsung_galaxy_s10_plus_128gb_new;Samsung;Samsung Galaxy S10 Plus 128Gb Black новый;Мобильные телефоны;52799;58400;RUR;https://raw.githubusercontent.com/bav735/PhotosGit/master/site/Samsung/Galaxy/S10Plus/Black/img.jpg;В наличии в любом цвете! Оплата: наличными, по карте, в кредит, в рассрочку, через р/с, по трейд-ин. Самовывоз и доставка по РФ.;;;от производителя;;;;
rXcl1kl5pRwo;true;true;false;false;https://amo-led.ru/product/samsung_galaxy_s10_plus_128gb_new;Samsung;Samsung Galaxy S10 Plus 128Gb Green новый;Мобильные телефоны;52799;58400;RUR;https://raw.githubusercontent.com/bav735/PhotosGit/master/site/Samsung/Galaxy/S10Plus/Green/img.jpg;В наличии в любом цвете! Оплата: наличными, по карте, в кредит, в рассрочку, через р/с, по трейд-ин. Самовывоз и доставка по РФ.;;;от производителя;;;;
0zNroal40pMH;true;true;false;false;https://amo-led.ru/product/samsung_galaxy_s10_plus_128gb_new;Samsung;Samsung Galaxy S10 Plus 128Gb White новый;Мобильные телефоны;52799;58400;RUR;https://raw.githubusercontent.com/bav735/PhotosGit/master/site/Samsung/Galaxy/S10Plus/White/img.jpg;В наличии в любом цвете! Оплата: наличными, по карте, в кредит, в рассрочку, через р/с, по трейд-ин. Самовывоз и доставка по РФ.;;;от производителя;;;;
r4QJku1UeMFq;true;true;false;false;https://amo-led.ru/product/samsung_galaxy_note_9_128gb_new;Samsung;Samsung Galaxy Note 9 128Gb Black новый;Мобильные телефоны;46499;51500;RUR;https://raw.githubusercontent.com/bav735/PhotosGit/master/site/Samsung/Galaxy/Note9/Black/img.jpg;В наличии в любом цвете! Оплата: наличными, по карте, в кредит, в рассрочку, через р/с, по трейд-ин. Самовывоз и доставка по РФ.;;;от производителя;;;;
4FYu5mwAxZBo;true;true;false;false;https://amo-led.ru/product/samsung_galaxy_note_9_128gb_new;Samsung;Samsung Galaxy Note 9 128Gb Blue новый;Мобильные телефоны;46499;51500;RUR;https://raw.githubusercontent.com/bav735/PhotosGit/master/site/Samsung/Galaxy/Note9/Blue/img.jpg;В наличии в любом цвете! Оплата: наличными, по карте, в кредит, в рассрочку, через р/с, по трейд-ин. Самовывоз и доставка по РФ.;;;от производителя;;;;
KzJ1YXiZ1Z81;true;true;false;false;https://amo-led.ru/product/xiaomi_mi_8_lite_64gb_new;Xiaomi;Xiaomi Mi 8 Lite 64Gb Black новый;Мобильные телефоны;12499;14100;RUR;https://raw.githubusercontent.com/bav735/PhotosGit/master/site/Xiaomi/Mi/8Lite/Black/img.jpg;В наличии в любом цвете! Оплата: наличными, по карте, в кредит, в рассрочку, через р/с, по трейд-ин. Самовывоз и доставка по РФ.;;;от производителя;;;;
8l7N92ydVF8G;true;true;false;false;https://amo-led.ru/product/xiaomi_mi_8_lite_64gb_new;Xiaomi;Xiaomi Mi 8 Lite 64Gb Blue новый;Мобильные телефоны;12499;14100;RUR;https://raw.githubusercontent.com/bav735/PhotosGit/master/site/Xiaomi/Mi/8Lite/Blue/img.jpg;В наличии в любом цвете! Оплата: наличными, по карте, в кредит, в рассрочку, через р/с, по трейд-ин. Самовывоз и доставка по РФ.;;;от производителя;;;;
zr1EdcWt0L6p;true;true;false;false;https://amo-led.ru/product/xiaomi_mi_8_lite_64gb_new;Xiaomi;Xiaomi Mi 8 Lite 64Gb Pink новый;Мобильные телефоны;12499;14100;RUR;https://raw.githubusercontent.com/bav735/PhotosGit/master/site/Xiaomi/Mi/8Lite/Pink/img.jpg;В наличии в любом цвете! Оплата: наличными, по карте, в кредит, в рассрочку, через р/с, по трейд-ин. Самовывоз и доставка по РФ.;;;от производителя;;;;
qD9m7Oo8Mwbt;true;true;false;false;https://amo-led.ru/product/xiaomi_mi_8_lite_128gb_new;Xiaomi;Xiaomi Mi 8 Lite 128Gb Black новый;Мобильные телефоны;17099;19200;RUR;https://raw.githubusercontent.com/bav735/PhotosGit/master/site/Xiaomi/Mi/8Lite/Black/img.jpg;В наличии в любом цвете! Оплата: наличными, по карте, в кредит, в рассрочку, через р/с, по трейд-ин. Самовывоз и доставка по РФ.;;;от производителя;;;;
3wVHK4Su4nXY;true;true;false;false;https://amo-led.ru/product/xiaomi_mi_8_lite_128gb_new;Xiaomi;Xiaomi Mi 8 Lite 128Gb Blue новый;Мобильные телефоны;17099;19200;RUR;https://raw.githubusercontent.com/bav735/PhotosGit/master/site/Xiaomi/Mi/8Lite/Blue/img.jpg;В наличии в любом цвете! Оплата: наличными, по карте, в кредит, в рассрочку, через р/с, по трейд-ин. Самовывоз и доставка по РФ.;;;от производителя;;;;
KNB3KLUHdYJT;true;true;false;false;https://amo-led.ru/product/xiaomi_mi_8_lite_128gb_new;Xiaomi;Xiaomi Mi 8 Lite 128Gb Pink новый;Мобильные телефоны;17099;19200;RUR;https://raw.githubusercontent.com/bav735/PhotosGit/master/site/Xiaomi/Mi/8Lite/Pink/img.jpg;В наличии в любом цвете! Оплата: наличными, по карте, в кредит, в рассрочку, через р/с, по трейд-ин. Самовывоз и доставка по РФ.;;;от производителя;;;;
iweWOyNCNPzM;true;true;false;false;https://amo-led.ru/product/xiaomi_mi_8_64gb_new;Xiaomi;Xiaomi Mi 8 64Gb Black новый;Мобильные телефоны;20599;23000;RUR;https://raw.githubusercontent.com/bav735/PhotosGit/master/site/Xiaomi/Mi/8/Black/img.jpg;В наличии в любом цвете! Оплата: наличными, по карте, в кредит, в рассрочку, через р/с, по трейд-ин. Самовывоз и доставка по РФ.;;;от производителя;;;;
VQDjCRCBTvRZ;true;true;false;false;https://amo-led.ru/product/xiaomi_mi_8_64gb_new;Xiaomi;Xiaomi Mi 8 64Gb Blue новый;Мобильные телефоны;20599;23000;RUR;https://raw.githubusercontent.com/bav735/PhotosGit/master/site/Xiaomi/Mi/8/Blue/img.jpg;В наличии в любом цвете! Оплата: наличными, по карте, в кредит, в рассрочку, через р/с, по трейд-ин. Самовывоз и доставка по РФ.;;;от производителя;;;;
uOY0R1FV6KSB;true;true;false;false;https://amo-led.ru/product/xiaomi_mi_8_64gb_new;Xiaomi;Xiaomi Mi 8 64Gb Gold новый;Мобильные телефоны;20599;23000;RUR;https://raw.githubusercontent.com/bav735/PhotosGit/master/site/Xiaomi/Mi/8/Gold/img.jpg;В наличии в любом цвете! Оплата: наличными, по карте, в кредит, в рассрочку, через р/с, по трейд-ин. Самовывоз и доставка по РФ.;;;от производителя;;;;
Z7bzyjvvPEXf;true;true;false;false;https://amo-led.ru/product/xiaomi_mi_8_64gb_new;Xiaomi;Xiaomi Mi 8 64Gb White новый;Мобильные телефоны;20599;23000;RUR;https://raw.githubusercontent.com/bav735/PhotosGit/master/site/Xiaomi/Mi/8/White/img.jpg;В наличии в любом цвете! Оплата: наличными, по карте, в кредит, в рассрочку, через р/с, по трейд-ин. Самовывоз и доставка по РФ.;;;от производителя;;;;
RCTyt5y0VZ9w;true;true;false;false;https://amo-led.ru/product/xiaomi_mi_8_128gb_new;Xiaomi;Xiaomi Mi 8 128Gb Black новый;Мобильные телефоны;22299;24900;RUR;https://raw.githubusercontent.com/bav735/PhotosGit/master/site/Xiaomi/Mi/8/Black/img.jpg;В наличии в любом цвете! Оплата: наличными, по карте, в кредит, в рассрочку, через р/с, по трейд-ин. Самовывоз и доставка по РФ.;;;от производителя;;;;
BZqu7ZoAQLKl;true;true;false;false;https://amo-led.ru/product/xiaomi_mi_8_128gb_new;Xiaomi;Xiaomi Mi 8 128Gb Blue новый;Мобильные телефоны;22299;24900;RUR;https://raw.githubusercontent.com/bav735/PhotosGit/master/site/Xiaomi/Mi/8/Blue/img.jpg;В наличии в любом цвете! Оплата: наличными, по карте, в кредит, в рассрочку, через р/с, по трейд-ин. Самовывоз и доставка по РФ.;;;от производителя;;;;
ruIsMA0KiBMq;true;true;false;false;https://amo-led.ru/product/xiaomi_mi_8_128gb_new;Xiaomi;Xiaomi Mi 8 128Gb Gold новый;Мобильные телефоны;22299;24900;RUR;https://raw.githubusercontent.com/bav735/PhotosGit/master/site/Xiaomi/Mi/8/Gold/img.jpg;В наличии в любом цвете! Оплата: наличными, по карте, в кредит, в рассрочку, через р/с, по трейд-ин. Самовывоз и доставка по РФ.;;;от производителя;;;;
A6gm3OtFKQLD;true;true;false;false;https://amo-led.ru/product/xiaomi_mi_8_128gb_new;Xiaomi;Xiaomi Mi 8 128Gb White новый;Мобильные телефоны;22299;24900;RUR;https://raw.githubusercontent.com/bav735/PhotosGit/master/site/Xiaomi/Mi/8/White/img.jpg;В наличии в любом цвете! Оплата: наличными, по карте, в кредит, в рассрочку, через р/с, по трейд-ин. Самовывоз и доставка по РФ.;;;от производителя;;;;
TJXcaTOUFZ3H;true;true;false;false;https://amo-led.ru/product/xiaomi_mi_9_64gb_new;Xiaomi;Xiaomi Mi 9 64Gb Black новый;Мобильные телефоны;24599;27400;RUR;https://raw.githubusercontent.com/bav735/PhotosGit/master/site/Xiaomi/Mi/9/Black/img.jpg;В наличии в любом цвете! Оплата: наличными, по карте, в кредит, в рассрочку, через р/с, по трейд-ин. Самовывоз и доставка по РФ.;;;от производителя;;;;
jd06drQ3DF6w;true;true;false;false;https://amo-led.ru/product/xiaomi_mi_9_64gb_new;Xiaomi;Xiaomi Mi 9 64Gb Blue новый;Мобильные телефоны;24599;27400;RUR;https://raw.githubusercontent.com/bav735/PhotosGit/master/site/Xiaomi/Mi/9/Blue/img.jpg;В наличии в любом цвете! Оплата: наличными, по карте, в кредит, в рассрочку, через р/с, по трейд-ин. Самовывоз и доставка по РФ.;;;от производителя;;;;
o1URB7yegWXm;true;true;false;false;https://amo-led.ru/product/xiaomi_mi_9_64gb_new;Xiaomi;Xiaomi Mi 9 64Gb Purple новый;Мобильные телефоны;24599;27400;RUR;https://raw.githubusercontent.com/bav735/PhotosGit/master/site/Xiaomi/Mi/9/Purple/img.jpg;В наличии в любом цвете! Оплата: наличными, по карте, в кредит, в рассрочку, через р/с, по трейд-ин. Самовывоз и доставка по РФ.;;;от производителя;;;;